Date,Open,High,Low,Close,Volume,Dividends,Stock Splits
2024-04-11,114.74151321969667,114.74151321969667,112.54375259513657,113.89981842041016,17555900,0.0,0.0
2024-04-12,114.98467220454957,115.73284699879325,111.91716839137305,112.57182312011719,21556200,0.0,0.0
2024-04-15,113.24517062102173,113.80630527806375,111.71141873138694,111.92652130126953,15029500,0.0,0.0
2024-04-16,111.81428850512658,112.43153374932602,110.28053667636368,111.00065612792969,18082200,0.0,0.0
2024-04-17,110.86972253698073,111.6178901306125,109.53236502553962,110.94453430175781,14538600,0.0,0.0
2024-04-18,111.29058112852601,111.9639370467218,110.32731085365525,110.8416748046875,13821400,0.0,0.0
2024-04-19,111.44019961256721,113.09552667831835,111.24379822456709,112.1135482788086,21572400,0.0,0.0
2024-04-22,111.5337365688141,113.69408081298488,110.75750645043175,112.74951171875,16340700,0.0,0.0
2024-04-23,112.22578620649833,113.21711170141626,111.71141516566921,113.18905639648438,13929800,0.0,0.0
2024-04-24,112.50635251439158,113.40415793975558,111.65530355178585,113.207763671875,12101200,0.0,0.0
2024-04-25,113.18906005174505,113.87177007933587,111.66466230852318,113.4696273803711,16041000,0.0,0.0
2024-04-26,111.29057942457833,111.38409949286833,108.69068299644749,110.31795501708984,27289500,0.0,0.0
2024-04-29,110.13090535921924,112.27254827298813,110.13090535921924,111.88910675048828,17309900,0.0,0.0
2024-04-30,111.39344861535415,112.41282944344215,110.33665833461288,110.60786437988281,21083300,0.0,0.0
2024-05-01,110.61721100670684,110.79490411094878,108.16695267304512,108.51297760009766,27777700,0.0,0.0
2024-05-02,108.7280817670151,109.66329662826729,108.39140384615446,108.7093734741211,25513600,0.0,0.0
2024-05-03,108.48491668701172,108.55038143753862,106.736062444189,108.48491668701172,28023300,0.0,0.0
2024-05-06,109.11152142708288,110.67332860848187,108.85901654178647,109.18634033203125,31401300,0.0,0.0
2024-05-07,109.68201008160915,109.96257742548623,108.41947130441021,108.6439208984375,30122000,0.0,0.0
2024-05-08,108.21371677789388,109.37338127272452,107.93315658493609,108.62521362304688,18957200,0.0,0.0
2024-05-09,108.67196685150911,110.85101924736342,108.66261983994201,110.76685333251953,17564000,0.0,0.0
2024-05-10,110.86038140234524,110.97260976536755,109.9625759035383,110.31795501708984,13648100,0.0,0.0
2024-05-13,110.74814126672891,111.32797704468818,109.53236623794879,110.27118682861328,15060600,0.0,0.0
2024-05-14,110.11091108295324,111.00657876577681,109.81864193882559,110.94058227539062,15079100,0.95,0.0
2024-05-15,110.88401788782767,112.04367155287824,109.44151800574726,111.79854583740234,18244300,0.0,0.0
2024-05-16,111.76083212086341,112.47737059313218,110.81802099164379,111.129150390625,15745200,0.0,0.0
2024-05-17,111.53455679678478,112.9770566391038,111.21399728011507,112.79792022705078,15104500,0.0,0.0
2024-05-20,112.88276930108839,113.03361532751165,111.77025198304173,111.88338470458984,11551300,0.0,0.0
2024-05-21,111.62883952745388,112.61878690073947,111.04429403579138,111.11029052734375,14495000,0.0,0.0
2024-05-22,110.74258583844231,110.74258583844231,108.3855581970833,108.87582397460938,17879300,0.0,0.0
2024-05-23,108.98897323624445,110.78974608017636,106.87707816318114,107.01850128173828,15979800,0.0,0.0
2024-05-24,108.27242191587384,108.49870175605712,106.57536627296577,106.93363189697266,12212900,0.0,0.0
2024-05-28,107.02791204953033,108.52698542692012,106.60364993516069,108.2912826538086,13978300,0.0,0.0
2024-05-29,107.98015373998733,107.99901399004243,106.35851750298369,107.13162231445312,13902000,0.0,0.0
2024-05-30,106.79221365308543,107.60303180126509,106.49994450423395,107.47103881835938,14683700,0.0,0.0
2024-05-31,107.59361252471561,110.77088154085848,107.47104246993993,110.55403900146484,29037400,0.0,0.0
2024-06-03,109.64893810836958,109.70550447480358,107.25419695726305,107.90473175048828,19589300,0.0,0.0
2024-06-04,106.53765374073275,106.62250328660997,104.57660493668855,106.22652435302734,19412200,0.0,0.0
2024-06-05,106.43393764952584,106.71678383854253,105.10457782453312,106.65078735351562,14863500,0.0,0.0
2024-06-06,106.30195584483778,107.51818307643147,105.69855729176345,107.45218658447266,13154100,0.0,0.0
2024-06-07,107.28248062683475,108.32900156907658,106.22652955911848,106.30195617675781,13289200,0.0,0.0
2024-06-10,106.59422263526984,107.68788698417038,106.25481005754746,106.61308288574219,15239700,0.0,0.0
2024-06-11,106.0568338902215,106.22654020037128,104.94431634436825,105.75513458251953,12462400,0.0,0.0
2024-06-12,106.82050160152735,106.82050160152735,104.21834092480837,104.5860366821289,13606800,0.0,0.0
2024-06-13,104.50117753792784,104.5200377878108,103.44523372297111,103.74693298339844,14466900,0.0,0.0
2024-06-14,103.72807922019946,103.90721563990104,102.37985899236753,102.87012481689453,13313400,0.0,0.0
2024-06-17,102.92668431985368,103.20010039739871,101.99330336070183,102.16300964355469,21147900,0.0,0.0
2024-06-18,102.7946971061277,104.3880502292863,102.57785457276275,103.12467956542969,17762900,0.0,0.0
2024-06-20,103.62438474830252,106.17940229393247,103.32267825223995,105.34972381591797,17433200,0.0,0.0
2024-06-21,105.50056242916939,106.25480698546252,104.4257583618164,104.4257583618164,52212500,0.0,0.0
2024-06-24,105.2554400021748,107.98016374838137,105.2554400021748,107.52761840820312,16266700,0.0,0.0
2024-06-25,107.58418226936926,107.99902148242701,106.9713535754644,107.82931518554688,14188900,0.0,0.0
2024-06-26,107.8481670315633,108.25357611438228,106.66965309233119,107.86702728271484,15771800,0.0,0.0
2024-06-27,108.41384429567186,108.41384429567186,107.58417313309214,108.32899475097656,16812700,0.0,0.0
2024-06-28,109.23410096997847,109.8752128429621,108.12158351959741,108.53642272949219,24565900,0.0,0.0
2024-07-01,109.09267505938112,110.06376937301397,107.9801576375416,108.38556671142578,11972900,0.0,0.0
2024-07-02,109.27180558060567,109.30951888696464,106.9996274257524,107.6501693725586,13326700,0.0,0.0
2024-07-03,107.73501600060848,109.04552998360367,107.73501600060848,108.1969985961914,7732900,0.0,0.0
2024-07-05,108.05558896581904,108.07444202429886,106.2453932424631,106.88650512695312,12631000,0.0,0.0
2024-07-08,105.96253872277053,107.05620304906594,105.0480108068699,105.7645492553711,13350500,0.0,0.0
2024-07-09,104.75574277577621,106.10396294781643,104.29376734696015,104.59546661376953,11727000,0.0,0.0
2024-07-10,104.57661326831202,105.55713774845255,104.10520768322975,105.51942443847656,10004100,0.0,0.0
2024-07-11,105.05744522538912,106.83935769788498,104.58603965715047,106.77336120605469,13082700,0.0,0.0
2024-07-12,107.47103860386052,107.62189183721057,106.18881489269732,106.7922134399414,11684900,0.0,0.0
2024-07-15,107.73502446370519,109.51694411378791,107.08448967648444,108.62126922607422,13032500,0.0,0.0
2024-07-16,107.8104479027377,109.69607010372333,107.20704937386853,109.40380096435547,13614100,0.0,0.0
2024-07-17,110.06376865920433,111.42141898025865,109.8846394368438,110.91230010986328,13602800,0.0,0.0
2024-07-18,111.20457853874561,113.06191775991775,110.72375000413655,112.00597381591797,13033600,0.0,0.0
2024-07-19,111.80795612106277,112.08137218177302,109.24351617251853,109.43207550048828,16157700,0.0,0.0
2024-07-22,108.5929840098498,109.30952246798886,108.02729878208861,108.6778335571289,12065900,0.0,0.0
2024-07-23,108.24414709508848,108.58355968850248,106.69793736645956,106.9242172241211,11251700,0.0,0.0
2024-07-24,107.26361777441313,108.61183796143567,106.60365286877048,108.43270874023438,14925200,0.0,0.0
2024-07-25,108.58356203770802,111.28000259201315,108.00844664159604,110.71431732177734,17021700,0.0,0.0
2024-07-26,110.09204653918813,111.27999051289038,109.80920753131083,110.62002563476562,11252500,0.0,0.0
2024-07-29,110.61059596753869,110.6765924556242,108.78154016477183,109.46036529541016,8861800,0.0,0.0
2024-07-30,109.7054939823502,111.81738871314471,109.58293113577268,111.41197967529297,12483900,0.0,0.0
2024-07-31,112.79792270059619,112.91106262538618,111.77968495672046,111.80796813964844,15137700,0.0,0.0
2024-08-01,111.58170161581688,112.65650578462116,109.70550938333622,110.26176452636719,15051500,0.0,0.0
2024-08-02,109.33780824365772,112.07196196794222,108.81925924328239,110.19576263427734,20403800,0.0,0.0
2024-08-05,108.93239711466829,109.39437254705994,106.77335879766535,108.20642852783203,18025900,0.0,0.0
2024-08-06,107.9047336727534,109.01725112193552,107.1316288143779,107.6313247680664,13647800,0.0,0.0
2024-08-07,108.84754236442528,110.42204242236053,108.66841314055239,109.06439208984375,13660700,0.0,0.0
2024-08-08,109.44151679505634,111.35542222229529,109.11153434089066,111.14800262451172,13851000,0.0,0.0
2024-08-09,111.14800277057451,112.4867928395649,110.64831402602725,112.0531005859375,12151900,0.0,0.0
2024-08-12,112.71307568127355,113.297613989778,111.27056858187176,112.19452667236328,13228900,0.0,0.0
2024-08-13,111.51569940760818,111.73254913266108,110.78030787642737,111.11972045898438,11585100,0.0,0.0
2024-08-14,111.34598902101715,113.04305187138408,110.902866654917,112.14737701416016,12194500,0.0,0.0
2024-08-15,112.38499055948398,113.69654217299343,112.26144096034541,112.8411865234375,11579400,0.95,0.0
2024-08-16,112.13787975807344,112.6035817503446,111.82425274920314,112.30895233154297,10056000,0.0,0.0
2024-08-19,112.52755056140836,114.52339246537905,112.30895500361201,112.6511001586914,12417500,0.0,0.0
2024-08-20,112.76514480264333,112.76514480264333,108.83048298508966,108.89701080322266,15632000,0.0,0.0
2024-08-21,109.30568584685314,109.83790840208923,108.11768389249508,108.20321655273438,11752400,0.0,0.0
2024-08-22,108.13668784097904,109.30568494485567,108.003632203268,109.0395736694336,10609500,0.0,0.0
2024-08-23,109.32469366504361,110.93087467139486,109.32469366504361,110.55071258544922,10381400,0.0,0.0
2024-08-26,111.91928853385764,113.04076265265249,111.12094746151787,112.91720581054688,13671000,0.0,0.0
2024-08-27,113.05976690662021,113.48745195240096,111.57714281695235,111.84325408935547,9991600,0.0,0.0
2024-08-28,111.19697961873848,111.74821424939334,110.49368451296505,110.74078369140625,10742900,0.0,0.0
2024-08-29,111.38706130684149,112.89820357641275,110.57922142106521,112.27093505859375,10753900,0.0,0.0
2024-08-30,110.99740685727201,112.16639679761037,110.5222060439012,112.09037017822266,13284700,0.0,0.0
2024-09-03,110.09451044378166,110.33211082776874,108.38379202966762,109.74286651611328,15725100,0.0,0.0
2024-09-04,109.57179093173166,110.38913681021462,108.32676727424654,108.40279388427734,12620600,0.0,0.0
2024-09-05,109.3627025077917,109.56228595667498,107.4618994696787,107.55693817138672,17200800,0.0,0.0
2024-09-06,107.95610886005774,108.51684954650545,106.18836864344713,107.05323028564453,13467700,0.0,0.0
2024-09-09,107.27182067692878,110.38913645890199,107.0722372306304,109.30567932128906,21645300,0.0,0.0
2024-09-10,109.39121914209032,109.67634251318675,104.70573911686417,105.32350158691406,20913400,0.0,0.0
2024-09-11,105.28547654896535,105.447043063021,102.42476601621118,104.2780532836914,19571900,0.0,0.0
2024-09-12,104.44913704729989,105.80821162217889,104.31608140368841,105.71317291259766,15919500,0.0,0.0
2024-09-13,105.94126658600094,106.89166817769235,105.42804885636892,105.63713836669922,10035400,0.0,0.0
2024-09-16,106.49249734892946,107.48090858721604,106.15035220837316,107.11975860595703,11729000,0.0,0.0
2024-09-17,106.74910580324607,108.69743195409768,106.55902838652386,108.51685333251953,12202600,0.0,0.0
2024-09-18,108.45032091676322,109.89492807521766,108.1651975527713,108.89701080322266,12569900,0.0,0.0
2024-09-19,110.39864212288401,111.74821051756615,109.47675150436558,110.24657440185547,12660600,0.0,0.0
2024-09-20,109.73336640267024,109.78088938243208,108.58338135212308,109.55278778076172,36206200,0.0,0.0
2024-09-23,109.60980959989168,111.94779648087645,109.41022614979411,111.53912353515625,16066300,0.0,0.0
2024-09-24,111.99531001560818,112.29944545855558,111.03540971501066,111.24449920654297,11984900,0.0,0.0
2024-09-25,110.71226740455454,111.24449716897605,108.38378665729466,109.07757568359375,13816000,0.0,0.0
2024-09-26,105.62762929987565,107.85157273134966,105.62762929987565,107.2052993774414,16887900,0.0,0.0
2024-09-27,108.11767573552417,110.332105700628,107.63296894443816,110.07550048828125,15964000,0.0,0.0
2024-09-30,109.73336571050419,111.567641052515,109.25816491983805,111.40607452392578,13247600,0.0,0.0
2024-10-01,110.28460484359996,114.61843391003872,110.18006008533158,113.9816665649414,23235900,0.0,0.0
2024-10-02,115.8824583282115,116.7283151060753,114.23826049817988,115.49279022216797,17129700,0.0,0.0
2024-10-03,115.85394792219712,117.06095467449765,114.93205727821751,116.5002212524414,16524300,0.0,0.0
2024-10-04,117.0894669462308,118.98077123345851,116.35766095012426,118.63862609863281,19752300,0.0,0.0
2024-10-07,119.03778941812678,120.0737235860817,118.66713340840089,119.15184020996094,15714400,0.0,0.0
2024-10-08,117.73574252935917,117.86879816755228,115.24569508518347,115.98700714111328,14818500,0.0,0.0
2024-10-09,114.90354252919862,116.50021733547239,114.80850382962036,116.03451538085938,11144900,0.0,0.0
2024-10-10,117.0514522761092,117.56466270548368,116.22460036036051,117.03244018554688,10243300,0.0,0.0
2024-10-11,116.99441919786585,117.8782928526714,116.84235873358102,117.4791259765625,8294800,0.0,0.0
2024-10-14,117.12749352508436,118.0969072372648,116.53824916178733,117.92583465576172,9808100,0.0,0.0
2024-10-15,114.82751876078389,115.90146993727976,113.83910024612912,114.38082885742188,15771300,0.0,0.0
2024-10-16,114.89404912340771,115.41677290507477,114.6184317886186,114.67546081542969,8426800,0.0,0.0
2024-10-17,114.77049698622316,115.54982599283711,113.77257242547873,114.38082885742188,11204900,0.0,0.0
2024-10-18,114.4663664431289,114.6564438551261,113.24034755807814,114.05769348144531,12898600,0.0,0.0
2024-10-21,114.97958466147725,115.45478544454487,113.78207665787005,114.12422180175781,10177800,0.0,0.0
2024-10-22,114.29529868478411,115.1791724646681,113.99117046218902,114.71347045898438,9201400,0.0,0.0
2024-10-23,114.0196705790611,114.76098259842075,113.47794200714534,114.3047866821289,8320300,0.0,0.0
2024-10-24,114.04819169500283,114.4663707182009,113.22133969485812,113.65852355957031,9905600,0.0,0.0
2024-10-25,114.23826077733305,114.45685631923108,113.40191004296003,113.5634765625,10714600,0.0,0.0
2024-10-28,110.99739871660172,113.10729133338452,110.97838662490743,113.00274658203125,11844500,0.0,0.0
2024-10-29,112.69860615040182,113.2593395277621,111.26349792465092,111.46308135986328,14731000,0.0,0.0
2024-10-30,111.8242496709424,112.40398794458676,110.70277555373346,110.90235900878906,12303700,0.0,0.0
2024-10-31,111.33954333569169,112.78415050518808,110.89285344581795,110.9878921508789,20512000,0.0,0.0
2024-11-01,113.98166022067079,114.0006650615759,109.14411247411313,109.2486572265625,20939300,0.0,0.0
2024-11-04,110.3131062969948,112.81265973319627,110.18005066166778,112.72712707519531,14965400,0.0,0.0
2024-11-05,113.17381947428267,113.29736906669325,112.15689009539855,113.05976867675781,10436700,0.0,0.0
2024-11-06,115.1411426071114,115.86344977382431,113.38290129098387,114.99858093261719,20807700,0.0,0.0
2024-11-07,115.28371311363871,115.47379052686777,113.67753214319558,115.14115142822266,12184400,0.0,0.0
2024-11-08,114.97959218334374,115.39776396912751,113.72506232401449,115.10314178466797,12836000,0.0,0.0
2024-11-11,114.99858469571464,115.58783625244514,114.11471098611301,114.494873046875,11969700,0.0,0.0
2024-11-12,115.12214093066581,115.2932135053366,113.89612202068984,114.38082885742188,11972800,0.0,0.0
2024-11-13,114.58991910355832,115.99651664335491,112.9077114842839,115.44528198242188,15127900,0.0,0.0
2024-11-14,116.57597262825108,116.78677294147488,115.30155003754354,115.52193450927734,13041800,0.99,0.0
2024-11-15,115.368619257001,116.1735130813798,114.15168705178988,114.32416534423828,19051700,0.0,0.0
2024-11-18,114.78412017396151,115.57943722206448,114.2858462575666,115.28238677978516,14239700,0.0,0.0
2024-11-19,114.74578363877816,114.74578363877816,113.26055345241951,113.6725845336914,11584400,0.0,0.0
2024-11-20,114.19001741977003,115.43569480004092,113.68216669584396,115.29196166992188,11360900,0.0,0.0
2024-11-21,116.0202006844444,117.42877215828966,115.2440447293349,116.83467864990234,14675400,0.0,0.0
2024-11-22,116.72927616923202,118.06118901634912,116.55679787842554,116.70053100585938,13323400,0.0,0.0
2024-11-25,116.35557609707371,116.78676817500383,114.61163215854484,114.95658874511719,26580300,0.0,0.0
2024-11-26,114.53497579337896,114.67870892573876,112.92518079420503,113.04016876220703,14827300,0.0,0.0
2024-11-27,113.15514968638817,113.76841153994036,112.52273413731335,112.74312591552734,11079100,0.0,0.0
2024-11-29,112.53231966191792,113.5480211403306,112.06279093536375,113.03058624267578,9426500,0.0,0.0
2024-12-02,113.1168251373224,113.26055095622687,111.93822224831125,112.92517852783203,12687300,0.0,0.0
2024-12-03,113.75883310398899,113.75883310398899,112.35984565052914,112.7527084350586,11756600,0.0,0.0
2024-12-04,112.58981278875603,112.63772627161798,109.10192470508196,109.5043716430664,19520600,0.0,0.0
2024-12-05,109.91639261856298,110.78836821447494,109.29355395156449,109.98346710205078,15751200,0.0,0.0
2024-12-06,109.75350928696803,109.97389376415201,108.75696878383877,108.82404327392578,16171100,0.0,0.0
2024-12-09,109.84933040916708,110.13679669084677,108.03831184207031,108.18204498291016,17412600,0.0,0.0
2024-12-10,108.84319183335924,109.12107392067527,107.0800869752345,107.96163940429688,20990900,0.0,0.0
2024-12-11,107.31964723184267,107.69334899003645,106.46683990564958,107.24298858642578,32392200,0.0,0.0
2024-12-12,106.9267716245856,107.68375926012621,106.15062298396755,107.14716339111328,14543300,0.0,0.0
2024-12-13,107.22382335938572,107.22382335938572,105.64277358511345,106.20811462402344,13106100,0.0,0.0
2024-12-16,105.59485774630329,105.78650434801851,103.64011358280044,103.9371566772461,20256100,0.0,0.0
2024-12-17,102.75855702101799,103.64969364254581,102.3273649472922,103.49638366699219,17554000,0.0,0.0
2024-12-18,103.07477604200072,104.282124172268,101.86742791173344,101.97283172607422,17114500,0.0,0.0
2024-12-19,102.90228716256104,103.17058509492094,100.81338671845421,101.1008529663086,20565600,0.0,0.0
2024-12-20,101.04335420601272,101.7045221823783,100.45884486963133,101.44580841064453,40141200,0.0,0.0
2024-12-23,100.90921481011767,102.14530808243752,100.53551304297109,101.85784912109375,12285100,0.0,0.0
2024-12-24,102.06864734496621,102.7106543643523,101.28291450313701,101.95366668701172,7807000,0.0,0.0
2024-12-26,102.06864689776111,102.55733662363897,101.51288999541752,102.03990173339844,9652400,0.0,0.0
2024-12-27,101.85784854320562,103.47722042146302,101.34999049096143,102.03032684326172,11943900,0.0,0.0
2024-12-30,101.85785086656071,102.10698050854695,101.10086316074616,101.34041595458984,11080800,0.0,0.0
2024-12-31,101.73327859007298,103.39098713776104,101.35957681705489,103.07477569580078,12387800,0.0,0.0
2025-01-02,103.75509611913283,104.44500927670694,102.41359912502433,102.82563018798828,12685400,0.0,0.0
2025-01-03,103.48680247733922,103.95632388606363,102.96936758768403,103.35265350341797,14237900,0.0,0.0
2025-01-06,103.71677649035043,105.19242259071078,103.02686326830442,103.2376708984375,15623700,0.0,0.0
2025-01-07,104.38752204742411,105.4607138260942,103.75509919736149,104.20545959472656,12625900,0.0,0.0
2025-01-08,102.82563493481513,103.20892085233585,101.57996484108627,102.46151733398438,17858100,0.0,0.0
2025-01-10,104.15754656353744,105.4990436032309,101.35957182769468,102.08781433105469,19304500,0.0,0.0
2025-01-13,102.65315326103794,105.04868102853638,102.65315326103794,104.72289276123047,17073400,0.0,0.0
2025-01-14,104.24378920329367,105.17325516456734,103.32390740023322,105.13492584228516,11191200,0.0,0.0
2025-01-15,105.45114076174835,107.06093579807882,104.89537653610036,106.85012817382812,14521100,0.0,0.0
2025-01-16,106.54349549043836,107.0226010446746,105.93024096586161,106.66806030273438,10366600,0.0,0.0
2025-01-17,106.39018087070575,108.15329315598468,106.18895741015127,107.62627410888672,19298500,0.0,0.0
2025-01-21,107.36755464833304,107.49211945717147,106.48599489697446,106.8117904663086,20416300,0.0,0.0
2025-01-22,106.55307645908977,106.90761721474266,104.82830078347212,104.95286560058594,15718000,0.0,0.0
2025-01-23,105.70026890480983,106.49558590848726,105.0295240285583,105.54695892333984,13726800,0.0,0.0
2025-01-24,105.63319257266721,106.08355297195963,103.87967176663713,104.11922454833984,14235900,0.0,0.0
2025-01-27,104.4546027949273,105.83442192315249,103.86050923142973,105.56612396240234,15926700,0.0,0.0
2025-01-28,105.7960942324887,106.23687047443741,103.28557844340267,103.52513122558594,15862000,0.0,0.0
2025-01-29,103.20891765129953,104.23420324528993,102.97894903214792,104.12879943847656,12345500,0.0,0.0
2025-01-30,104.67499185029028,105.25950128058935,104.1575569131122,104.99120330810547,14346300,0.0,0.0
2025-01-31,105.9302464456706,105.9302464456706,101.66620240604519,102.3656997680664,20376500,0.0,0.0
2025-02-03,102.18363791763001,102.81606079478019,100.91879947390068,102.61483001708984,14623200,0.0,0.0
2025-02-04,102.25070499576263,105.67151831000011,102.07822670636534,105.3648910522461,14835700,0.0,0.0
2025-02-05,105.15408954924241,105.41281065365033,104.54083499811607,105.28823852539062,13364400,0.0,0.0
2025-02-06,106.14103699355813,106.40934223400258,103.47721138899298,103.8988265991211,13411400,0.0,0.0
2025-02-07,104.23421105345493,105.14451606134558,103.79343478765813,104.33961486816406,10051600,0.0,0.0
2025-02-10,105.4128131587738,106.39018533830516,105.28824102755367,106.33269500732422,12142200,0.0,0.0
2025-02-11,106.93636636666814,107.80834205069024,106.18896281497555,107.0034408569336,12713100,0.0,0.0
2025-02-12,106.39437372929878,106.56839480343952,103.61970642937737,103.7840576171875,18244100,0.99,0.0
2025-02-13,103.5906970744787,104.80884451030418,102.98161966858515,104.53813934326172,15460000,0.0,0.0
2025-02-14,104.91518326346134,106.56838703527133,104.50913657871855,104.64448547363281,15733500,0.0,0.0
2025-02-18,105.02152613152201,107.30313224435513,104.72182607146758,106.48136901855469,20060300,0.0,0.0
2025-02-19,107.0807814781061,108.40526816048438,106.40402962034253,106.63606262207031,10964700,0.0,0.0
2025-02-20,106.89709573328946,108.68564113023604,106.29768818025332,108.27959442138672,16325800,0.0,0.0
2025-02-21,107.62217733496244,108.13457064047064,106.88742091289475,107.01310729980469,14710000,0.0,0.0
2025-02-24,107.24513491816715,108.14424253493563,106.65539726760063,107.57383728027344,13153500,0.0,0.0
2025-02-25,107.60284662928936,108.40527013634808,105.27289831554684,106.08499908447266,14497000,0.0,0.0
2025-02-26,106.0946571368673,106.22034352047041,104.9151818886744,105.82395935058594,10446400,0.0,0.0
2025-02-27,106.35570181510977,107.59318173376316,105.64994763052286,106.49105072021484,15293200,0.0,0.0
2025-02-28,106.45236832770962,107.87353907079434,105.70794204515981,107.63184356689453,18821700,0.0,0.0
2025-03-03,107.98955142034288,108.43427765165944,102.9719576250382,104.18043518066406,18706900,0.0,0.0
2025-03-04,102.82693980173786,105.34057166567978,102.42089310949315,103.96774291992188,19394900,0.0,0.0
2025-03-05,102.32421457107206,102.79794311376263,100.22629917102681,101.93750762939453,24822200,0.0,0.0
2025-03-06,101.92782713983019,104.51880320973387,100.89337068893364,104.04508209228516,17150200,0.0,0.0
2025-03-07,104.80884457017373,106.73273876585021,104.70249795562242,105.39857482910156,19625000,0.0,0.0
2025-03-10,105.64994017450721,108.83065397192892,105.45658671684892,108.08623504638672,22749100,0.0,0.0
2025-03-11,108.20224095857073,108.37626201568195,105.17621591787368,105.53392791748047,19904700,0.0,0.0
2025-03-12,105.42759162610635,106.47171069501778,104.81851417861573,105.50492858886719,14051500,0.0,0.0
2025-03-13,104.73150119586734,107.13878643392896,104.054749335619,105.0602035522461,17767800,0.0,0.0
2025-03-14,105.32124070170333,108.45361253239622,104.71216327909512,108.18291473388672,15890100,0.0,0.0
2025-03-17,108.0862404980442,110.69654918789806,108.01856604685427,109.98113250732422,19908800,0.0,0.0
2025-03-18,110.30016127970447,110.73521763068317,108.83065579932648,109.8651123046875,15998700,0.0,0.0
2025-03-19,110.40650409462492,111.9726936274922,110.04879946667063,111.5763168334961,17315000,0.0,0.0
2025-03-20,110.90923808338333,112.60110667282414,110.41617717204844,112.05004119873047,16230800,0.0,0.0
2025-03-21,111.663330078125,112.13705123136893,110.55152921254437,111.663330078125,41102800,0.0,0.0
2025-03-24,111.83734501281609,113.02649014968856,111.74066828545153,111.95336151123047,14207500,0.0,0.0
2025-03-25,112.56242839589436,113.7322337291251,112.10803967638297,112.71710968017578,12081800,0.0,0.0
2025-03-26,113.77091073076934,115.22108379036823,113.77091073076934,114.34130859375,14110800,0.0,0.0
2025-03-27,114.17696133848227,115.11474112938355,113.3648679376782,113.97393798828125,12740800,0.0,0.0
2025-03-28,114.17695664582908,114.52499876785832,113.34552350719942,113.81925201416016,10233400,0.0,0.0
2025-03-31,113.87725446859893,115.92683499640438,113.87725446859893,114.97938537597656,21652300,0.0,0.0
2025-04-01,115.25976020434511,115.3177647685588,114.01261044201776,115.08573913574219,12425400,0.0,0.0
2025-04-02,114.45732193086486,114.89237088633742,113.75157519190171,114.72801971435547,12614600,0.0,0.0
2025-04-03,110.57087214642034,111.61499121543217,108.50195902913613,108.6953125,21204600,0.0,0.0
2025-04-04,106.22034979500326,107.14845970677571,100.38098514613496,100.87403869628906,30841300,0.0,0.0
2025-04-07,97.05524879714055,102.28554319510634,95.18935915737323,99.52054595947266,35068500,0.0,0.0
2025-04-08,101.95684078166163,102.0921896874442,95.72109910137408,97.4226303100586,27147800,0.0,0.0
2025-04-09,96.0691363808891,103.03963417909021,94.87032131051387,102.2855453491211,30063300,0.0,0.0
2025-04-10,100.26496979252488,100.33264424386992,94.55129146907367,96.61053466796875,33999300,0.0,0.0
2025-04-11,96.96824770733971,100.47766407958805,95.50840466915905,99.71390533447266,22884600,0.0,0.0
2025-04-14,101.54111891739375,101.59912348087778,99.30785471171718,99.95559692382812,18020000,0.0,0.0
2025-04-15,100.19728747758687,101.90849577523994,99.57854757785961,99.67522430419922,13164900,0.0,0.0
2025-04-16,100.49699378564918,102.0825157991999,100.2552982668035,100.7290267944336,13607000,0.0,0.0
2025-04-17,101.21241213301136,104.94419132393493,100.99004902277103,103.36833190917969,17916500,0.0,0.0
2025-04-21,102.10184450359786,102.1211768975867,100.66134143269475,101.85047912597656,16926500,0.0,0.0
2025-04-22,102.61425408995412,105.32124698855917,102.61425408995412,104.70250701904297,13147000,0.0,0.0
2025-04-23,105.19554389601325,105.66927237245835,102.93327762451068,103.80338287353516,14235700,0.0,0.0
2025-04-24,104.38346542471429,105.26323330786315,103.40701342995517,105.02153778076172,9849600,0.0,0.0
2025-04-25,104.54780730012389,105.14721480928844,103.85172306392285,104.9635238647461,11245800,0.0,0.0
2025-04-28,105.13755428911678,105.6209453433196,104.10309772816119,105.02153778076172,13890900,0.0,0.0
2025-04-29,104.16109813763202,105.21489442924099,103.94840490211672,104.76050567626953,9483100,0.0,0.0
2025-04-30,103.85173381631265,103.85173381631265,100.6903595215387,102.1211929321289,20379300,0.0,0.0
2025-05-01,101.60880032037669,103.36834350077051,101.49279118546954,102.2662124633789,18610300,0.0,0.0
2025-05-02,104.14176590560021,105.37924577676985,101.07706850966261,102.68192291259766,16581900,0.0,0.0
2025-05-05,101.17374837092562,101.18341825720749,99.64623088072092,99.83958435058594,19624000,0.0,0.0
2025-05-06,100.43898947946923,102.45956785771031,100.04261266304417,101.23175048828125,16303400,0.0,0.0
2025-05-07,101.50244532429048,101.79248288956103,100.61300760887127,101.13507080078125,12332200,0.0,0.0
2025-05-08,101.84081569553878,103.82272181123383,101.84081569553878,102.54656982421875,19196500,0.0,0.0
2025-05-09,103.58103303044942,104.17077069826132,102.846276573248,103.7453842163086,10992100,0.0,0.0
2025-05-12,106.60704916437807,106.77140771206633,104.72182719230763,105.53392791748047,14244600,0.0,0.0
2025-05-13,105.68861045744525,106.8390834251025,105.39857290016582,105.82395935058594,13350800,0.0,0.0
2025-05-14,105.24389276693061,105.24389276693061,104.34478518065134,104.87651824951172,15494900,0.0,0.0
2025-05-15,103.9008295112673,106.00831544180177,103.39347592274727,105.94001770019531,15004300,0.99,0.0
2025-05-16,106.00831644617186,106.24247907048462,104.83748843681681,105.55950164794922,14042500,0.0,0.0
2025-05-19,104.95457053429604,104.95457053429604,103.14955244476057,103.88131713867188,16802700,0.0,0.0
2025-05-20,103.80326024488056,104.12523849609568,102.23240477623206,102.39826965332031,12429300,0.0,0.0
2025-05-21,101.98849077963902,102.41779514644696,101.12013054233822,101.1396484375,16716100,0.0,0.0
2025-05-22,100.55423123168556,100.95426620182172,99.41268000708081,100.46642303466797,13417400,0.0,0.0
2025-05-23,100.10541035339202,100.9542600926748,99.58829781852495,100.52495574951172,12061600,0.0,0.0
2025-05-27,100.97377472996959,101.3347813465899,100.39812337676253,101.00304412841797,13043600,0.0,0.0
2025-05-28,101.75432336029878,101.89091884442455,99.31510765248808,99.62732696533203,14292400,0.0,0.0
2025-05-29,99.79319471464648,100.3493356142531,99.27608216075384,100.19322967529297,13825300,0.0,0.0
2025-05-30,99.67611051465514,99.90051418276684,98.729693664535,99.81270599365234,28645800,0.0,0.0
2025-06-02,101.22745682414339,101.32502396844771,99.73465792898901,100.54447937011719,17290500,0.0,0.0
2025-06-03,100.39812592199532,102.1153359654938,99.72489996503198,101.2762451171875,19194300,0.0,0.0
2025-06-04,101.39331294887579,102.36899919536742,99.81270599365234,99.81270599365234,15648500,0.0,0.0
2025-06-05,100.47617429332529,100.54447203374446,99.25656646877184,99.35413360595703,13924800,0.0,0.0
2025-06-06,100.26152136481105,101.95921335942366,100.1834646780967,101.73480224609375,15487800,0.0,0.0
2025-06-09,101.79335463029238,103.27639454794776,101.3055114747103,102.41779327392578,17087300,0.0,0.0
2025-06-10,103.5008011353111,105.03262827889746,103.35444670627638,104.61308288574219,17634800,0.0,0.0
2025-06-11,105.13995063072032,106.73031651189318,103.87155554931704,106.65225982666016,22648200,0.0,0.0
2025-06-12,106.27175412902669,107.51087994664228,105.58877667010975,107.06206512451172,17469400,0.0,0.0
2025-06-13,109.6183550980345,109.7939789310429,107.9889607519484,109.39395141601562,28540200,0.0,0.0
2025-06-16,109.1012445632726,110.40866810959282,108.42801861697882,109.74520111083984,22986100,0.0,0.0
2025-06-17,111.1794460469769,112.1356218544896,110.35987316387636,111.22823333740234,19451700,0.0,0.0
2025-06-18,111.82340763741772,112.43808732770862,110.19401330005441,110.43793487548828,17968900,0.0,0.0
2025-06-20,110.69160884881502,112.24295395193641,110.4281768205318,111.91121673583984,36273300,0.0,0.0
2025-06-23,113.86258094561266,114.10650250500248,108.45728574016194,109.02317810058594,26631100,0.0,0.0
2025-06-24,106.59372678752763,108.24263899356436,105.28631073684204,105.70584869384766,24828300,0.0,0.0
2025-06-25,105.4814497798522,106.58397265345178,105.08141481129995,105.7351303100586,17483200,0.0,0.0
2025-06-26,106.29126870688073,107.754798167935,105.91075164251828,107.31573486328125,18304800,0.0,0.0
2025-06-27,107.26695519077366,107.42306112938387,105.73512798343852,106.72056579589844,22002100,0.0,0.0
2025-06-30,105.9985585105668,106.19369279204032,105.10092890555543,105.17898559570312,19199000,0.0,0.0
2025-07-01,105.50095672984834,106.97424512421564,104.5447883263273,106.58396911621094,15536900,0.0,0.0
2025-07-02,107.32548679383102,108.65242068061183,106.18393567537696,108.34996032714844,11892200,0.0,0.0
2025-07-03,108.16458405027839,109.73543959222857,107.93042142205663,109.47200012207031,11223600,0.0,0.0
2025-07-07,108.82804605988709,109.32564813552597,107.5401404976829,108.40850067138672,15415900,0.0,0.0
2025-07-08,108.1938522559937,111.67705201847662,108.15482391107088,111.41361999511719,17913400,0.0,0.0
2025-07-09,111.15018153480453,111.49167025110323,110.5159839508808,111.0331039428711,10652100,0.0,0.0
2025-07-10,110.94528925905155,112.46735751844028,110.32085061705125,112.13562774658203,14901700,0.0,0.0
2025-07-11,112.05757425938297,112.94545239867706,111.72584447803968,112.62347412109375,11683900,0.0,0.0
2025-07-14,112.42833106496879,112.42833106496879,110.46719959720843,111.15017700195312,13220300,0.0,0.0
2025-07-15,110.89651390663906,111.28678249079218,109.86228131572423,110.16474914550781,10959300,0.0,0.0
2025-07-16,110.13546423362257,110.74039240497638,109.37443012882311,109.50127410888672,11158900,0.0,0.0
2025-07-17,108.77926469374889,109.50127792325922,108.38898868069654,108.94513702392578,13151400,0.0,0.0
2025-07-18,108.40850779402297,109.01343599324838,104.73016619282146,105.14971160888672,32366600,0.0,0.0
2025-07-21,104.98384927589017,106.12540051346907,104.82774333145267,105.42291259765625,17010400,0.0,0.0
2025-07-22,105.35461139372372,106.7791125179861,104.99360477797187,105.90099334716797,13970900,0.0,0.0
2025-07-23,106.28150822575371,107.32549226181739,106.20345153575562,107.25719451904297,12002700,0.0,0.0
2025-07-24,106.99376770309911,108.25239653207791,106.47664768961259,108.0962905883789,15647200,0.0,0.0
2025-07-25,108.03774516598995,108.2816667362299,107.0327820437291,107.71576690673828,10548900,0.0,0.0
2025-07-28,108.30117965334179,109.38419204538687,108.1450662717625,108.73048400878906,12353000,0.0,0.0
2025-07-29,109.17929911810425,110.2525525658064,108.70121491250794,110.13546752929688,15928000,0.0,0.0
2025-07-30,109.67690049790582,109.87203478024404,108.55485976472171,109.1792984008789,12996900,0.0,0.0
2025-07-31,107.67673618231827,109.76470418191144,107.67673618231827,108.92561340332031,17233700,0.0,0.0
2025-08-01,109.2768633808127,109.80373486538052,106.21320905654085,106.9742431640625,19652000,0.0,0.0
2025-08-04,106.56445567298512,107.24743308489198,104.48623915237691,104.75943756103516,19129500,0.0,0.0
2025-08-05,104.61308842586648,105.19849872911217,103.49104766903966,104.63259887695312,21314300,0.0,0.0
2025-08-06,105.67657222330915,106.39858538651407,103.78374601625939,103.92034149169922,15321800,0.0,0.0
2025-08-07,104.53503150267342,105.4326611285925,103.31542360531733,103.37396240234375,13468300,0.0,0.0
2025-08-08,103.91059160666616,104.89603686018451,103.37396116071662,104.20330047607422,14417700,0.0,0.0
2025-08-11,104.50575897230986,104.91554542700594,102.96417284971534,103.25688171386719,13570700,0.0,0.0
2025-08-12,103.75447666300208,104.67162415904068,103.20809472181944,103.5495834350586,14109400,0.0,0.0
2025-08-13,103.42274440244574,104.98384094238281,103.16906388848864,104.98384094238281,17958700,0.0,0.0
2025-08-14,104.93506024881967,104.97408114859478,103.85204790462278,104.7691879272461,13683500,0.0,0.0
2025-08-15,104.5722430318389,105.92136685755888,104.3358939200289,104.86766815185547,19271900,0.99,0.0
2025-08-18,104.48361233533863,105.59640209792867,104.06016289296167,105.09416961669922,13040000,0.0,0.0
2025-08-19,104.58208564486281,105.82289219016042,104.53285188126867,105.78350067138672,16113600,0.0,0.0
2025-08-20,106.23648790589664,107.66440223383027,106.03953783253654,106.8765869140625,18959700,0.0,0.0
2025-08-21,106.76826810543525,107.90074987365453,106.31527690078036,107.56593322753906,12194900,0.0,0.0
2025-08-22,107.93029522926028,109.7127258590581,107.93029522926028,109.58470153808594,13586700,0.0,0.0
2025-08-25,109.21048226579067,110.21493964871304,108.85596612754429,110.03768157958984,9744900,0.0,0.0
2025-08-26,109.67332161186246,110.10661326432938,108.67870648764875,109.79148864746094,18143900,0.0,0.0
2025-08-27,109.72256302402589,111.25880221241029,109.72256302402589,111.03230285644531,15262600,0.0,0.0
2025-08-28,111.150478111266,111.9185939536985,110.36266275262726,111.62316131591797,14189800,0.0,0.0
2025-08-29,111.98751979045258,113.0412184425248,111.84965323882919,112.54883575439453,14597900,0.0,0.0
2025-09-02,112.44051655288608,113.48436549941368,111.60346744407637,112.9427490234375,15206700,0.0,0.0
2025-09-03,112.23371536045128,112.68670654900797,109.76195206928233,110.2051010131836,14920100,0.0,0.0
2025-09-04,110.40205444896604,111.40651189533574,109.68317236956777,110.68763732910156,12864400,0.0,0.0
2025-09-05,109.89982253167047,110.07708061289752,107.35912587180405,107.56593322753906,16826700,0.0,0.0
2025-09-08,108.05831610874986,108.37344075214881,106.69933497964604,108.17648315429688,15440500,0.0,0.0
2025-09-09,108.84611987931373,110.79595870253287,108.84611987931373,108.96429443359375,14899500,0.0,0.0
2025-09-10,109.46652786575879,110.84519344539693,109.1513957182256,110.7861099243164,15837600,0.0,0.0
2025-09-11,109.70287053326427,111.05199436552122,109.18094605685853,110.43159484863281,11534500,0.0,0.0
2025-09-12,111.1406267392382,111.49514289416113,110.17555331457825,110.4512939453125,11105700,0.0,0.0
2025-09-15,110.47098889283298,110.74672201775333,109.62409000162666,110.63839721679688,12880500,0.0,0.0
2025-09-16,111.23910173845827,113.56314874735921,111.06184366106196,112.93289947509766,17208000,0.0,0.0
2025-09-17,112.78517607229085,113.73054992128681,112.31249290437461,113.53359985351562,13302000,0.0,0.0
2025-09-18,113.4154353655658,113.59269344754908,111.67240382036694,112.19432830810547,14628700,0.0,0.0
2025-09-19,112.16478289329383,112.24356593009016,110.92397635982539,111.10123443603516,38746500,0.0,0.0
2025-09-22,110.7368649449766,111.08153884152429,109.8604243501585,110.31341552734375,15611500,0.0,0.0
2025-09-23,111.00275493488547,113.00182745596544,110.76641334716011,112.2140121459961,25369100,0.0,0.0
2025-09-24,112.82457754140964,113.99645083356756,112.72610249883698,112.81472778320312,14756100,0.0,0.0
2025-09-25,112.89350874101174,114.13431529140912,112.66701689858705,113.82903289794922,15012600,0.0,0.0
2025-09-26,114.1933975647311,116.55683608287912,114.15400604622617,115.4342041015625,18568900,0.0,0.0
2025-09-29,114.29186888813037,114.72516806443159,111.93828020442817,112.47990417480469,19189300,0.0,0.0
2025-09-30,111.62316061513285,111.76102717505447,110.23464525787536,111.03230285644531,18076200,0.0,0.0
2025-10-01,110.8451904864916,111.29818166673253,109.59454174030076,110.28387451171875,16614000,0.0,0.0
2025-10-02,110.26418423682554,111.36711668837108,109.33850234656653,109.59454345703125,13062600,0.0,0.0
2025-10-03,110.19524910261698,112.01706357907244,110.19524910261698,111.53453063964844,12950100,0.0,0.0
2025-10-06,111.5640724757242,113.02152105262063,111.45574768124577,112.460205078125,12036800,0.0,0.0
2025-10-07,112.33218691183123,112.76548608446156,110.03768176682227,112.51929473876953,11945000,0.0,0.0
2025-10-08,112.63746751188236,113.2578745430427,111.68225135301425,112.28295135498047,12301000,0.0,0.0
2025-10-09,112.68670521709716,113.75025365409283,111.02244928401116,111.18986511230469,10976200,0.0,0.0
2025-10-10,110.54976541469829,110.90428155817044,109.02337604623959,109.04307556152344,13811600,0.0,0.0
2025-10-13,109.84073466255515,110.58915847736117,109.62408507038785,110.53006744384766,10296500,0.0,0.0
2025-10-14,109.07261769777679,111.2390985703282,109.02337642256091,110.57930755615234,11167200,0.0,0.0
2025-10-15,111.08154121041032,111.83980727002569,109.27941870764626,109.90966796875,12182900,0.0,0.0
2025-10-16,110.17555189583973,110.48083428335909,108.7082535315701,108.9544448852539,11782200,0.0,0.0
2025-10-17,109.92935994307969,111.18986597812913,109.48621851412935,110.53006744384766,13460100,0.0,0.0
2025-10-20,110.29372235529097,111.42620404282175,110.27403035351949,110.9830551147461,9523600,0.0,0.0
2025-10-21,111.17017037292834,111.63301133371802,110.28387997068897,110.99291229248047,9202300,0.0,0.0
2025-10-22,111.72163395713265,113.42528144049153,111.35727555995079,112.96244049072266,12938800,0.0,0.0
2025-10-23,114.85318813056784,115.06983772488677,113.60253935404117,114.21309661865234,15001100,0.0,0.0
2025-10-24,114.57745397030573,114.69562852426475,113.42528024356957,113.632080078125,9919400,0.0,0.0
2025-10-27,113.93735694263816,114.22293981815812,113.34649918884276,114.1737060546875,10975400,0.0,0.0
2025-10-28,113.73055619382959,114.41004673749381,113.23817348408193,113.2775650024414,9535200,0.0,0.0
2025-10-29,113.16924389899191,115.26679911940428,113.06091909825868,114.67593383789062,12570600,0.0,0.0
2025-10-30,114.65623875964566,114.74486404159735,112.78518294908257,112.9427490234375,16172900,0.0,0.0
2025-10-31,112.24356680542397,113.47452359060154,110.90428522209764,112.6177749633789,20213400,0.0,0.0
2025-11-03,112.75564081245807,113.23817376552417,111.90874194853409,112.02691650390625,12290300,0.0,0.0
2025-11-04,111.65270681184438,112.60793052436773,110.79596565731816,112.40113067626953,16860700,0.0,0.0
2025-11-05,112.3518852990128,113.4252835340798,111.93828561790328,111.94813537597656,12400900,0.0,0.0
2025-11-06,111.90873927883824,113.18893730208913,111.90873927883824,112.7556381225586,14219700,0.0,0.0
2025-11-07,113.45482349738259,115.71978697585025,113.14954862042434,115.4342041015625,17181100,0.0,0.0
2025-11-10,115.650852381483,116.64546003805616,113.70101356006596,116.4189682006836,13048000,0.0,0.0
2025-11-11,117.01967605641752,118.96950737055927,117.01967605641752,117.9552001953125,16077100,0.0,0.0
2025-11-12,117.285553829369,117.46281189614037,115.9955136014661,116.32048797607422,13790900,0.0,0.0
2025-11-13,116.82271957033755,117.93550930812972,116.47805317449375,116.98028564453125,17291900,0.0,0.0
2025-11-14,117.66571049271275,118.68889697657293,115.88756919075867,118.50015258789062,17064300,1.03,0.0
2025-11-17,118.18226972374043,118.70875924248826,116.33458466394876,116.90081024169922,16034900,0.0,0.0
2025-11-18,116.48359759303432,118.68889969210812,115.70876335906323,118.24187469482422,15808500,0.0,0.0
2025-11-19,116.07630865802689,117.39750425129373,115.16240200147725,116.572998046875,15919200,0.0,0.0
2025-11-20,117.1988284939755,118.22200739590019,115.96703338472082,116.24517822265625,14401000,0.0,0.0
2025-11-21,116.215378652987,116.60279576188553,114.88425475654147,116.3047866821289,15667600,0.0,0.0
2025-11-24,116.42398477931181,116.42398477931181,113.98027399923178,115.20213317871094,18034900,0.0,0.0
2025-11-25,114.41736246752856,115.13259636601772,113.4339196465451,113.75180053710938,14434600,0.0,0.0
2025-11-26,113.65246904450274,114.97365705250216,113.55312510411062,114.01007843017578,11650600,0.0,0.0
2025-11-28,114.1888871955968,117.95379366366068,114.05975068319684,115.1524658203125,7240800,0.0,0.0
2025-12-01,115.33127565327204,116.6326070178609,115.33127565327204,115.8577651977539,12658100,0.0,0.0
2025-12-02,115.66902207182511,115.82795872805552,113.93060928943486,114.61603546142578,14607700,0.0,0.0
2025-12-03,115.18226278457817,117.19882800902268,115.11272657538204,117.02001953125,16819100,0.0,0.0
2025-12-04,116.72200447264626,117.55643899441883,115.8875699508737,116.36438751220703,13686900,0.0,0.0
2025-12-05,115.97697258701088,117.99353029817301,115.63922743960852,115.76836395263672,12516900,0.0,0.0
2025-12-08,115.06306594695681,116.22531730103631,114.2782958010143,115.21207427978516,14904200,0.0,0.0
2025-12-09,116.12598117519698,119.67234312511398,116.11604526528723,117.467041015625,23790800,0.0,0.0
2025-12-10,117.94386264481753,119.07631381660484,117.58624568752907,118.74849700927734,19845200,0.0,0.0
2025-12-11,118.32134384245383,119.5630672833503,118.28160778287973,118.74849700927734,14781800,0.0,0.0
2025-12-12,118.64916172079668,119.12597928223312,117.52663886961135,118.03326416015625,14459500,0.0,0.0
2025-12-15,118.22200910243764,118.24187334305759,116.07630732931369,116.98028564453125,16358700,0.0,0.0
2025-12-16,115.99683516808265,116.0663713785457,113.85114097459555,113.9206771850586,17638700,0.0,0.0
2025-12-17,114.44716863723637,116.84121514123433,114.40743257646578,116.63260650634766,18502200,0.0,0.0
2025-12-18,116.2153813721701,116.2153813721701,114.86438562480342,115.76836395263672,13705600,0.0,0.0
2025-12-19,115.97696632618475,116.79153657881096,115.1921962227349,115.91736602783203,45412800,0.0,0.0
2025-12-22,116.56305674309674,117.67564365102822,116.56305674309674,117.3676986694336,11768600,0.0,0.0
2025-12-23,117.68558094503335,119.23524935952017,117.53657261774538,118.62928771972656,12567600,0.0,0.0
2025-12-24,118.53989055724838,119.2551244849581,118.33128192481281,118.43061828613281,6137400,0.0,0.0
2025-12-26,118.10279793258158,118.758431539622,117.74518097944652,118.32134246826172,8066100,0.0,0.0
2025-12-29,119.35446002118661,120.49684711566579,118.60942594811912,119.73194122314453,14782500,0.0,0.0
2025-12-30,120.29816845104502,120.99353814268906,119.83127921295453,120.18889617919922,11150500,0.0,0.0
2025-12-31,120.37763974026633,120.45711186085562,119.07631597585063,119.54319763183594,10559900,0.0,0.0
2026-01-02,119.29485111594778,121.86770603383496,118.81803355745646,121.83790588378906,14175100,0.0,0.0
2026-01-05,124.38095230413707,125.09618621633267,121.57962453395653,124.52996063232422,30112200,0.0,0.0
2026-01-06,124.52002885557945,124.96705385497772,120.19883266800142,120.24850463867188,23328600,0.0,0.0
2026-01-07,119.00677563405961,119.32465652650383,117.48689980134242,117.7054443359375,20353000,0.0,0.0
2026-01-08,118.19220505090117,122.81141009874412,117.87432415932456,122.09618377685547,20232700,0.0,0.0
2026-01-09,122.4140674135384,124.0332720571173,122.28492332480052,123.78492736816406,16137700,0.0,0.0
2026-01-12,123.6359162811852,123.67565233999679,121.74849517146582,123.2087631225586,15314900,0.0,0.0
2026-01-13,124.17234424691262,126.29817417410949,123.98359985841621,125.7021484375,21619700,0.0,0.0
2026-01-14,126.5067780569478,130.8478457773565,126.2882335266516,129.33790588378906,27593900,0.0,0.0
2026-01-15,128.27500915527344,129.337916588086,127.45050293323732,128.27500915527344,17400000,0.0,0.0
2026-01-16,128.0564613080259,129.29818477469024,128.0167176687486,129.02996826171875,16592400,0.0,0.0
2026-01-20,130.6392422928985,131.0664030646928,129.20878953412497,129.59620666503906,16477300,0.0,0.0
2026-01-21,131.0366008719565,132.84454240214342,131.0366008719565,132.725341796875,18879900,0.0,0.0
2026-01-22,132.1690523578367,133.29156009444506,130.9770008295119,132.75514221191406,16600100,0.0,0.0
2026-01-23,134.1955403288625,135.07964686690326,133.58957864608686,134.0763397216797,17758200,0.0,0.0
2026-01-26,136.02334731663586,136.03329080527234,133.28162737596318,133.9471893310547,16056100,0.0,0.0
2026-01-27,134.35447104370763,136.02334000719668,133.81805320765937,135.92401123046875,14517000,0.0,0.0
2026-01-28,136.77832439433692,137.09619771667622,135.7650738112262,136.66905212402344,15637300,0.0,0.0
2026-01-29,139.39092163787078,141.3975359167848,138.18892661057401,139.57965087890625,35760600,0.0,0.0
2026-01-30,137.82136923864124,141.2683946138898,136.9173909644709,140.4637451171875,29657700,0.0,0.0
2026-02-02,138.9041515460256,139.39091258721533,137.14586692556136,137.48361206054688,27735600,0.0,0.0
2026-02-03,137.7220262255062,144.04984387155233,137.39420942637852,142.7783203125,37577800,0.0,0.0
2026-02-04,143.16573706124296,146.86110713253416,143.16573706124296,146.61276245117188,29426200,0.0,0.0
2026-02-05,145.60946711265478,145.75846787035985,142.84787524629766,145.11277770996094,18431700,0.0,0.0
2026-02-06,145.64919203150373,148.57967156189628,145.12270249015177,148.0631103515625,17216000,0.0,0.0
2026-02-09,148.27170066061862,150.54654639275728,147.64588238117187,150.20880126953125,21297300,0.0,0.0
2026-02-10,150.34788724143306,150.77503284913647,148.82801889209236,150.58628845214844,15800300,0.0,0.0
2026-02-11,152.95053017548196,155.89092284145423,152.55318473124476,154.52999877929688,23091500,0.0,0.0
2026-02-12,153.88999938964844,155.25,149.8800048828125,149.92999267578125,30652500,1.03,0.0
2026-02-13,150.5500030517578,151.66000366210938,147.97999572753906,148.4499969482422,20166000,0.0,0.0
2026-02-17,148.1999969482422,149.1300048828125,145.14999389648438,146.19000244140625,19766600,0.0,0.0
2026-02-18,148.14999389648438,150.97999572753906,147.61000061035156,150.67999267578125,19849700,0.0,0.0
2026-02-19,152.1999969482422,153.3800048828125,150.83999633789062,150.97000122070312,20305000,0.0,0.0
2026-02-20,150.49000549316406,150.80999755859375,146.4600067138672,147.27999877929688,25908600,0.0,0.0
2026-02-23,148.14999389648438,151.27000427246094,148.1300048828125,150.75999450683594,16073100,0.0,0.0
2026-02-24,150.4199981689453,150.72000122070312,148.02999877929688,149.25999450683594,14185500,0.0,0.0
2026-02-25,149.91000366210938,150.17999267578125,147.3300018310547,149.05999755859375,15225700,0.0,0.0
2026-02-26,147.80999755859375,150.9600067138672,146.77000427246094,148.5399932861328,15632100,0.0,0.0
2026-02-27,151.0,153.64999389648438,149.25,152.5,30275100,0.0,0.0
2026-03-02,159.35000610351562,159.61000061035156,153.02999877929688,154.22000122070312,31493100,0.0,0.0
2026-03-03,155.42999267578125,156.0500030517578,150.3000030517578,151.8300018310547,25198900,0.0,0.0
2026-03-04,150.72000122070312,151.16000366210938,147.86000061035156,149.82000732421875,16764800,0.0,0.0
2026-03-05,151.0,152.3300018310547,149.47000122070312,150.75999450683594,22969300,0.0,0.0
2026-03-06,153.14999389648438,153.8000030517578,149.9600067138672,151.2100067138672,21136400,0.0,0.0
2026-03-09,152.02000427246094,153.88999938964844,149.47000122070312,150.44000244140625,25532700,0.0,0.0
2026-03-10,149.25,150.39999389648438,147.6999969482422,148.1300048828125,19617600,0.0,0.0
2026-03-11,147.99000549316406,151.80999755859375,147.66000366210938,151.5800018310547,15297400,0.0,0.0
2026-03-12,152.27000427246094,155.0,151.6300048828125,153.52999877929688,26054000,0.0,0.0
2026-03-13,154.3000030517578,156.88999938964844,152.97999572753906,156.1199951171875,22414100,0.0,0.0
2026-03-16,156.0,157.77999877929688,154.75999450683594,157.22999572753906,22835600,0.0,0.0
2026-03-17,158.25,160.4499969482422,156.8000030517578,158.80999755859375,21592200,0.0,0.0
2026-03-18,159.66000366210938,160.17999267578125,157.52999877929688,157.58999633789062,18947100,0.0,0.0
2026-03-19,158.25999450683594,159.55999755859375,154.83999633789062,158.16000366210938,27082700,0.0,0.0
2026-03-20,159.35000610351562,162.44000244140625,159.10000610351562,159.6699981689453,53942100,0.0,0.0
2026-03-23,156.1199951171875,161.4199981689453,155.02000427246094,161.1300048828125,25021300,0.0,0.0
2026-03-24,161.7100067138672,167.47999572753906,161.25,165.3800048828125,26131800,0.0,0.0
2026-03-25,163.8699951171875,165.0,162.92999267578125,163.25999450683594,17192300,0.0,0.0
2026-03-26,164.08999633789062,165.67999267578125,162.05999755859375,165.42999267578125,18625200,0.0,0.0
2026-03-27,165.5800018310547,171.22999572753906,164.8000030517578,170.99000549316406,30338300,0.0,0.0
2026-03-30,172.50999450683594,176.41000366210938,171.0500030517578,171.47000122070312,29813500,0.0,0.0
2026-03-31,172.6699981689453,174.3800048828125,165.97000122070312,169.66000366210938,32006700,0.0,0.0
2026-04-01,165.77000427246094,168.0,159.52999877929688,160.77999877929688,37927600,0.0,0.0
2026-04-02,164.49000549316406,166.89999389648438,159.58999633789062,160.69000244140625,25377700,0.0,0.0
2026-04-06,160.57000732421875,163.75,159.52999877929688,163.3699951171875,16344300,0.0,0.0
2026-04-07,164.22000122070312,166.24000549316406,161.77000427246094,163.91000366210938,25227500,0.0,0.0
2026-04-08,153.52000427246094,156.35000610351562,150.97999572753906,156.22000122070312,31311200,0.0,0.0
2026-04-09,156.86000061035156,159.22999572753906,154.30999755859375,155.0399932861328,25868400,0.0,0.0
2026-04-10,154.0399932861328,155.1199951171875,151.9199981689453,152.50999450683594,21059600,0.0,0.0
