Date,Open,High,Low,Close,Volume
2024-04-11,155.62377976256258,158.37106260079813,155.1774715327962,158.10328674316406,27166400
2024-04-12,156.66516776322655,158.90663651169768,155.85188225072014,156.43704223632812,25353700
2024-04-15,157.55778721582507,157.93467710778722,153.32278518896982,153.590576171875,27136500
2024-04-16,152.92605303847483,154.3740764327273,152.17227333883514,153.1343231201172,20779500
2024-04-17,154.3443362556772,155.7923749027095,153.3128680735991,154.19557189941406,21763100
2024-04-18,154.0666189232005,155.65350920539763,153.35251980958253,154.7311248779297,19883000
2024-04-19,154.9195626052641,155.07825465285381,151.051538530931,152.8268585205078,32615600
2024-04-22,153.04507926507185,156.34778422424392,152.7971285786509,154.99893188476562,26446200
2024-04-23,155.67336083793805,157.66687884737183,154.99892712206798,156.9626922607422,21151600
2024-04-24,156.19903597568538,158.26198771551822,155.88165180015244,157.82559204101562,22779100
2024-04-25,150.08951991120836,155.2072260039545,149.63328396324783,154.7212371826172,57109700
2024-04-26,172.9406579042473,173.2778823744627,168.25934724716632,170.54049682617188,64665300
2024-04-29,167.67417460775002,168.1601634153097,163.8557430067843,164.78802490234375,45610000
2024-04-30,164.25246727701446,166.72206177178046,161.26714620693434,161.44566345214844,33562900
2024-05-01,162.95318026028562,165.75005589531395,161.75309238141418,162.51678466796875,33493200
2024-05-02,163.43916484164697,165.36326455481128,162.54654844018515,165.25416564941406,24294500
2024-05-03,166.18646385430256,166.5831940285256,161.71343896761203,165.8690948486328,34662400
2024-05-06,166.08729275303767,166.76171134902742,164.66900697168114,166.7220458984375,21871300
2024-05-07,167.11874933173186,170.35202057689946,167.00965043305126,169.84620666503906,28039700
2024-05-08,167.6146567610361,168.75522381569002,167.35679350646177,167.99154663085938,19569100
2024-05-09,168.00146814371737,169.2908147525702,166.80138015076668,168.56680297851562,15346700
2024-05-10,166.65261946945532,168.45770778843482,164.8277059911993,167.2675323486328,29799900
2024-05-13,162.91350746089623,167.89236129533526,162.65564420480408,167.75350952148438,31327600
2024-05-14,168.37836010153808,169.8462239602229,167.41631020621995,168.9436798095703,25127100
2024-05-15,169.23132245178067,171.23475328070515,169.11229582074708,171.0959014892578,26948400
2024-05-16,171.869508596453,173.684509621438,171.27443596883012,172.75221252441406,27867900
2024-05-17,172.75219674772163,174.8250760090424,172.2662230829347,174.61679077148438,24479300
2024-05-20,174.7457452424878,177.30459839219796,174.63664632446375,175.46975708007812,22554400
2024-05-21,175.44989566739218,176.6896490712989,174.36883433127562,176.39212036132812,16989400
2024-05-22,175.19203685040134,175.69785080388766,173.77376618454468,174.93417358398438,17880000
2024-05-23,175.61851492474267,176.7888348703636,171.53227742671908,172.1273651123047,21024900
2024-05-24,173.5456447964723,174.32917746118142,172.22654529374813,173.55557250976562,16579400
2024-05-28,173.01999755281523,175.8168887472588,172.94065151179802,174.95401000976562,20572200
2024-05-29,173.99196607552997,175.3904117210104,173.28779452948098,174.45811462402344,23388700
2024-05-30,173.7638553909168,173.78369568525272,170.381804057889,170.69918823242188,22931500
2024-05-31,170.4512148865134,171.6413751155462,168.05105413674661,171.08596801757812,37638900
2024-06-03,171.12564767729586,173.09934068848278,169.75697011042396,171.75048828125,27459100
2024-06-04,171.8595578130043,172.42489257397216,170.4809527682894,172.36537170410156,26879600
2024-06-05,173.76385219874723,175.20196327061797,172.5042583714889,173.97213745117188,22068500
2024-06-06,174.4580976777925,175.6978511153371,174.30933331877074,175.2812957763672,23251000
2024-06-07,175.5986726101232,176.41194296176616,172.87121516107322,173.0299072265625,19661400
2024-06-10,173.7349014501534,175.81014466476933,171.54049500356726,173.7746124267578,23726700
2024-06-11,174.9760596512974,175.59167820683606,172.5433572951998,175.37322998046875,21540600
2024-06-12,176.99174796777623,179.13650434238232,174.8668546571235,176.5349884033203,27864700
2024-06-13,174.8668444097431,175.49240210344783,173.64553119205647,173.92355346679688,20913300
2024-06-14,172.99018739624864,175.8101362841722,172.92067425165644,175.5420379638672,18063600
2024-06-17,174.2214575995777,177.10098082049785,173.57603677345472,175.9888916015625,19618500
2024-06-18,175.88956648496008,176.13780173263285,172.8710325397334,173.85403442382812,21869900
2024-06-20,174.13206841253606,176.03851342488448,173.7547611134038,175.05551147460938,20160100
2024-06-21,175.75057482727152,179.57340412547137,175.36332840403423,178.3620147705078,57759000
2024-06-24,178.8882466857276,179.61308934299385,177.4087592034553,177.9548797607422,18298000
2024-06-25,178.35206806848578,182.98910099326696,178.15348288701358,182.73094177246094,23130200
2024-06-26,181.3408244497642,183.20754327614856,181.19187420519867,182.58200073242188,19839000
2024-06-27,182.8798679380617,184.7366779293804,182.72100889129027,184.1011962890625,18848900
2024-06-28,183.0188920765721,183.8231718610113,180.6755507145743,180.86419677734375,29156600
2024-07-01,181.7379989393426,182.58200489120532,180.02021516731907,181.6982879638672,16006100
2024-07-02,180.76490422906483,184.26006063956154,180.27835770580916,183.93238830566406,17372500
2024-07-03,183.545146815405,184.77638393795382,182.7011409192061,184.50830078125,10242100
2024-07-05,184.54803142014995,189.51273686548802,184.48845737897847,189.25457763671875,20967500
2024-07-08,188.55948674203475,188.82758504993222,186.45445670495957,187.6956329345703,21035900
2024-07-09,188.96660951335545,190.00920064999954,187.38783687416534,187.64599609375,15121400
2024-07-10,187.8147905079295,190.3964432565855,187.69564243220248,189.83045959472656,15952500
2024-07-11,188.5098571184734,189.51272208583228,183.77352425069444,184.26007080078125,25625800
2024-07-12,183.77351953652854,185.78918852634615,183.18768799095292,183.7635955810547,22898400
2024-07-15,183.61465170436622,186.91122316515236,183.61465170436622,185.21328735351562,16474000
2024-07-16,186.03743905754484,187.34811338839907,182.0755987428797,182.62171936035156,18290700
2024-07-17,181.6784348799773,182.2543425380115,178.63009842037727,179.74220275878906,20734100
2024-07-18,180.64574423979403,181.21172786784336,175.22429500298105,176.43568420410156,25315700
2024-07-19,177.61730362532302,179.01733902058587,175.87965675110726,176.40591430664062,18881900
2024-07-22,179.31519524161143,181.41030116706474,178.95773590808608,180.3875732421875,24100300
2024-07-23,180.76490347036915,182.31388893241848,180.25849388780003,180.50672912597656,36352700
2024-07-24,172.37456144038464,174.9462749610045,170.60712769523397,171.41140747070312,49585200
2024-07-25,171.30218308939462,172.19582391606315,166.00980581766575,166.0991668701172,44852000
2024-07-26,165.97008682721892,166.90345381803442,162.90190268589552,165.82115173339844,41336900
2024-07-29,167.63824201341453,169.22693862858085,166.80417515412134,168.3332977294922,20293800
2024-07-30,169.03828621199597,170.0212881339037,167.25098932978506,169.08792114257812,18959700
2024-07-31,172.01711347343624,173.01997848256258,168.80990296351985,170.3291015625,25729100
2024-08-01,169.0482167160951,172.82139580223534,167.6878923021726,169.5546112060547,24531400
2024-08-02,165.26513327016306,167.32051364473287,163.50762313025547,165.48358154296875,29130100
2024-08-05,154.40234063596142,163.26929736266635,153.8363569379613,158.12586975097656,53630700
2024-08-06,158.2052897951303,159.4365420774317,155.30590392172098,157.17262268066406,49004600
2024-08-07,160.11173013870962,161.82951376084208,157.3513554761563,157.8180389404297,25138600
2024-08-08,159.37698612413064,162.53454701010432,159.07911588580504,160.88626098632812,25578800
2024-08-09,158.88049573069213,162.63381177677473,157.93720474099763,162.51466369628906,28602300
2024-08-12,163.1898651801224,163.73597062856854,160.69757348531624,161.14439392089844,15895300
2024-08-13,162.25649966122157,163.56717396094234,161.81960317762199,163.00120544433594,18551700
2024-08-14,161.25361460284537,162.06783350679044,156.5967339743886,159.23794555664062,40591100
2024-08-15,159.36703635252704,160.49898852805327,158.4833194361169,160.16139221191406,31524300
2024-08-16,160.33017441375463,163.89482874364478,159.99257813121338,161.80966186523438,24208600
2024-08-19,164.1132970310061,165.5133475605536,163.1004929084528,165.4934844970703,22416200
2024-08-20,165.72187088023108,167.4495939252533,165.64244892165763,165.99989318847656,18341500
2024-08-21,163.98420467240848,165.67221654044488,163.50759722139043,164.6792755126953,22902000
2024-08-22,166.07930514645545,166.406977492495,162.15719125168386,162.64373779296875,22493300
2024-08-23,163.55724112720742,165.00692648837935,162.67352425192186,164.4508819580078,13955700
2024-08-26,165.20552403193696,166.36726315289178,163.29907918080005,164.98707580566406,14190400
2024-08-27,164.6693476557718,165.26511837355505,163.29909924659626,163.5175323486328,11821900
2024-08-28,163.8749983304621,164.43105809322844,160.3897803993729,161.70046997070312,16407400
2024-08-29,163.15012461387778,164.7984102225247,159.11878679232862,160.6379852294922,19699800
2024-08-30,161.472070186267,162.50473737235887,160.54864227379994,162.22671508789062,22123800
2024-09-03,160.57844587255263,160.70753307191137,155.37542873116885,156.2492218017578,38945300
2024-09-04,155.554151121504,157.87762958096508,154.8590954051368,155.3456268310547,19353800
2024-09-05,155.19668368087028,158.32444181781332,154.87893528354047,156.1300506591797,18688700
2024-09-06,156.18961281792176,156.71587030378532,149.4872614761098,149.85464477539062,37912100
2024-09-09,151.63438731483413,152.51927694187998,146.3747655212842,147.85621643066406,39260500
2024-09-10,149.58620426686707,150.4015036061094,147.48831800096144,147.80648803710938,31118800
2024-09-11,149.05925855823048,150.63018908340467,146.67304380954099,150.29214477539062,29607700
2024-09-12,152.91699025153633,153.931138367879,151.7735836501272,153.8018798828125,29621500
2024-09-13,154.53759521680126,157.47067000170316,154.31887229884703,156.5559539794922,29591200
2024-09-16,156.4068176480649,157.3414231577179,155.7009025392383,157.1525115966797,18379800
2024-09-17,158.107008079676,159.628222536102,157.47068317745328,158.40528869628906,20715600
2024-09-18,158.9421872798641,159.57851220454893,157.68942685128602,158.89247131347656,23677300
2024-09-19,162.77009990036774,162.8496272464335,160.41369644399956,161.2091064453125,26587700
2024-09-20,162.5612924555598,162.78996770160265,161.1295575441582,162.65077209472656,40896400
2024-09-23,163.40640761812853,164.53986181971814,160.74178667068307,160.92076110839844,24150900
2024-09-24,162.09397212944717,162.28288368359324,159.7674107357338,161.35821533203125,23332100
2024-09-25,160.5429462723237,161.87524922923666,160.37392412147798,160.56283569335938,18869200
2024-09-26,162.7004790534292,163.13795527115403,161.34828673099906,161.7957000732422,20319300
2024-09-27,161.87525844392792,164.74866551423864,161.69629915796872,163.0087127685547,21101300
2024-09-30,162.38232355982177,165.19606207708327,162.32265529939457,164.89779663085938,20413900
2024-10-01,166.72722798963838,168.18878935347016,163.63508311957565,166.03125,28338100
2024-10-02,165.46451248473383,166.55820300060364,163.78421304270756,164.90773010253906,17760200
2024-10-03,163.46605818338855,165.6832505879078,162.9788660133771,164.90773010253906,15073100
2024-10-04,167.09510397311843,167.26412612073125,164.5299148711692,166.10084533691406,19047400
2024-10-07,166.7570727731855,167.5127039344141,161.81560574950586,162.04428100585938,22463100
2024-10-08,162.99875730912473,163.78421492779364,161.93489332497202,163.4362335205078,23072700
2024-10-09,162.5115774919813,163.89359644421285,158.8228863013817,160.9307098388672,31181800
2024-10-10,159.94638493252756,162.13376610989224,159.4790821511072,161.14944458007812,14144100
2024-10-11,161.1991373378728,162.95896398012601,160.31424786941037,162.30276489257812,15344300
2024-10-14,162.70046513584995,165.2755910857808,162.46183762718093,164.0128936767578,19016100
2024-10-15,164.83813228183462,166.71728049354707,163.68480379630955,164.51004028320312,20247200
2024-10-16,163.5853584728,164.8480710827429,162.7999008914352,164.2117462158203,16406000
2024-10-17,164.7784953540456,165.41482033547592,161.82554570724957,161.99456787109375,21453400
2024-10-18,162.25307524146882,163.76435267205474,162.14370618061358,162.48175048828125,19757700
2024-10-21,162.01444125458505,163.5555451703661,161.68633408506915,163.12802124023438,20946500
2024-10-22,162.04426180421996,164.81825178422423,162.04426180421996,164.19186401367188,16568100
2024-10-23,163.81404098216163,164.867967838788,161.00028733207427,161.8454132080078,18280500
2024-10-24,161.89512038935888,162.3922496608961,160.08556255879625,161.78575134277344,22412500
2024-10-25,162.73030140529735,164.63927607521566,162.48173675810202,164.3211212158203,19828900
2024-10-28,167.78113051042075,167.78113051042075,163.00868643055472,165.76278686523438,32138600
2024-10-29,166.76700909757434,169.4018037804766,166.1306841303376,168.705810546875,42169000
2024-10-30,179.64261737988735,180.97493529169347,173.06063100562596,173.45834350585938,68890800
2024-10-31,172.13600066532192,175.80481742033143,170.01822493850247,170.12759399414062,44769000
2024-11-01,169.0935675366594,171.33064938867685,167.91039737420323,170.30654907226562,31796500
2024-11-04,168.95436679599575,169.7497767581588,167.04539198951443,168.26834106445312,21492700
2024-11-05,168.45722424913848,169.55091475770118,167.87061532690117,168.7654571533203,18242100
2024-11-06,172.80217973933608,175.92415171507793,172.50389906981985,175.49661254882812,33695500
2024-11-07,176.3914145518733,180.0403416420051,176.17267645525013,179.7122344970703,25352900
2024-11-08,179.612801825818,179.86136646447602,177.05756522942787,177.32601928710938,22006200
2024-11-11,177.55470270682915,179.513393363608,177.44533365392132,179.31454467773438,17450400
2024-11-12,178.78758666786376,181.44225527864106,178.3600475857902,180.57723999023438,25134900
2024-11-13,179.423911961303,179.9210412566759,177.51492211643085,177.8529815673828,23184000
2024-11-14,177.2564251654299,177.79333331489727,173.3191695348543,174.57192993164062,31007500
2024-11-15,172.73255057874763,173.1402002652983,170.236966835199,171.4996795654297,32504600
2024-11-18,172.4243223269658,174.43272892051993,171.90730361382492,174.2935333251953,20135300
2024-11-19,172.72261895446178,177.8430450835762,172.56353392471485,177.09735107421875,23434900
2024-11-20,176.32182739630647,176.65987170014589,172.78226898861567,174.96963500976562,18997100
2024-11-21,172.90156244724747,173.13025284582125,162.7601278802168,166.66757202148438,59734400
2024-11-22,164.8978098993039,165.5043083073982,162.95899331574788,163.81405639648438,38604600
2024-11-25,165.13641317917185,167.6618386099698,164.65917328191838,166.6874542236328,33135300
2024-11-26,166.6675967855572,168.84502584498395,166.61788081451584,168.14903259277344,20486700
2024-11-27,168.0297170852908,168.5069570042289,167.0553478258637,168.25839233398438,19266500
2024-11-29,167.53256715154302,168.45722032902532,166.20026432388437,167.97998046875,14257200
2024-12-02,167.80103219947992,171.09202581712017,167.60218350894124,170.5054168701172,23789100
2024-12-03,170.50542536954606,171.68858044714352,169.86910042539293,170.3562774658203,22248700
2024-12-04,170.16736706139073,173.9057894087997,170.0778874212496,173.36888122558594,31615100
2024-12-05,174.35320380974355,175.04918185581036,171.3406012044101,171.64881896972656,21356200
2024-12-06,171.04233358531255,174.07482584315568,170.87331141634223,173.7069549560547,21462400
2024-12-09,173.15947313956298,175.44887679032834,172.85088694703188,174.56297302246094,25389600
2024-12-10,182.00855531536865,185.502397306232,180.21683563214248,184.31787109375,54813000
2024-12-11,184.4572441868518,194.7098490277896,183.99936950512352,194.5008087158203,67894100
2024-12-12,194.10264873841155,194.28181312365592,190.82779534779633,191.07664489746094,34817500
2024-12-13,190.13098313311997,191.84306905787375,188.7672926142497,188.94647216796875,25143500
2024-12-16,191.98243736831273,198.08423292115103,191.73358782946704,195.7550048828125,44934900
2024-12-17,196.3422712265007,200.4930793963414,194.082713332717,194.52069091796875,43504000
2024-12-18,194.32161160052223,196.09341894237798,186.87603832190538,187.53298950195312,34166100
2024-12-19,190.748138909751,192.1416901461699,187.513095150107,187.64248657226562,32265200
2024-12-20,184.925048408463,192.00232914747002,184.3676279309519,190.52914428710938,63462900
2024-12-23,191.73359960532437,194.20219811806004,189.2749647954396,193.73435974121094,25675000
2024-12-24,193.94335970742864,195.20751953125,192.88824016493578,195.20751953125,10403300
2024-12-26,194.25194880473947,195.84459196860374,193.48550314170072,194.69989013671875,12046600
2024-12-27,194.05286442098586,194.42117206113832,189.77264937982267,191.87294006347656,18891400
2024-12-30,188.92657901389887,191.66392402935992,188.2497003483825,190.35995483398438,14264700
2024-12-31,190.20068633205602,191.07664159206533,187.64250571524292,188.4288787841797,17466900
2025-01-02,189.77266033181004,191.1164539742449,186.63716208422355,188.5582733154297,20370800
2025-01-03,190.48934425629204,192.32088844513342,189.10574139792004,190.90740966796875,18596200
2025-01-06,193.0873348986171,197.30782865396526,192.95794346331456,195.9640350341797,29563600
2025-01-07,196.20293323603758,200.0750314967655,193.70448930563006,194.59039306640625,26487200
2025-01-08,191.68381035591298,195.38667713957392,191.49468229567276,193.0574493408203,24864800
2025-01-10,193.40585949210492,195.61564455345277,189.4342154897214,191.15625,26665200
2025-01-13,189.19533519391976,190.30021256834414,186.4977995025927,190.13099670410156,21823700
2025-01-14,190.35991630944454,191.0965010983969,187.44339231242577,188.7871856689453,17174900
2025-01-15,192.20141470890871,195.4563707355863,190.97707930364396,194.6501007080078,21776000
2025-01-16,193.2465827004133,194.58041248274841,191.92270143099617,192.02224731445312,17815400
2025-01-17,195.62556692490554,196.32234248434244,192.85836171130745,195.09800720214844,27735100
2025-01-21,198.15390588987137,201.3590737795005,196.9594160260543,197.1385955810547,29971300
2025-01-22,198.14396525660933,199.5574288922106,196.6210072103629,197.45713806152344,26200600
2025-01-23,197.22817603032425,199.37823954000908,194.30170322912596,197.06890869140625,26951400
2025-01-24,197.18837511510904,199.9754777209976,197.08882922694013,199.28866577148438,23877500
2025-01-27,191.5245520643281,195.97398278636885,189.85227535828872,190.92730712890625,41728900
2025-01-28,191.86297701391987,194.58040947836048,189.80249572901596,194.4012451171875,24157900
2025-01-29,194.66004582386458,195.88438120776217,192.5398430560715,194.5107421875,18218300
2025-01-30,197.0888449414686,200.4731927690754,196.76036171060426,199.9456329345703,24354700
2025-01-31,201.0704376113212,204.53441911538957,200.87136100783613,203.08114624023438,32001100
2025-02-03,199.76644678798675,202.8123625387659,199.17916555521708,200.303955078125,27838300
2025-02-04,202.4540365472158,206.09719755510824,201.8767037764101,205.43028259277344,43856400
2025-02-05,190.19072588273337,191.86298743209488,187.16470709545553,190.44952392578125,70373900
2025-02-06,188.62793494754752,191.21597601434,187.85152566522362,190.71827697753906,29297400
2025-02-07,190.1708212328695,190.3002126652559,182.39676404459453,184.48709106445312,49315000
2025-02-10,186.48786325604434,187.3339426329122,185.0047144350808,185.61190795898438,23105600
2025-02-11,184.17851963260873,186.07973375626966,183.43197101543439,184.46719360351562,21239500
2025-02-12,182.37685574217417,184.25815769470228,180.9932528796119,182.7650604248047,22072600
2025-02-13,183.47179995722882,185.42277188580212,182.2972222059454,185.28341674804688,21402500
2025-02-14,184.20837813225802,185.54220800020582,183.4717932262479,184.37759399414062,20448400
2025-02-18,184.74588137416617,185.10422527431422,180.90364435146645,182.92430114746094,29916700
2025-02-19,183.22292953180167,184.6065322377559,182.74512752374517,184.4174041748047,19549400
2025-02-20,183.9495791218272,184.4572267048234,181.87914917011352,183.71067810058594,20441500
2025-02-21,184.29796286054517,184.48709094071828,178.255903940123,178.83323669433594,35199200
2025-02-24,181.15252162389993,182.2773112476267,178.06678116700198,178.4251251220703,29854200
2025-02-25,177.22067008112575,177.91746089820734,173.88609557732903,174.61273193359375,41913400
2025-02-26,174.26436286262216,175.26970953461128,170.79041782229913,171.93511962890625,35431300
2025-02-27,173.1893356179125,173.75670468511518,167.16717356296937,167.72459411621094,39991000
2025-02-28,167.90374066525882,169.82486685567105,166.00254187779413,169.4963836669922,48130600
2025-03-03,171.13879690224084,172.57217267061702,165.1664079930538,166.24143981933594,40770500
2025-03-04,165.4749823837437,172.49252670098738,165.03700479811678,170.13343811035156,45388000
2025-03-05,169.73529012314535,172.98028249678805,168.2820021982634,172.22378540039062,30954900
2025-03-06,169.74522256719945,174.0055248634503,169.7153618417849,171.55685424804688,28302000
2025-03-07,170.4718800246714,174.1648138078256,169.48644558654738,173.05992126464844,27385800
2025-03-10,167.6785699397653,167.87789100205225,163.12436954047675,165.2968292236328,43604000
2025-03-11,164.34016388069963,166.17380218640486,160.81238769070245,163.47315979003906,39587400
2025-03-12,166.00437964443265,167.06071434970798,162.96491596959018,166.5325469970703,28372400
2025-03-13,165.4662354123983,165.55593597038603,161.54982298434425,162.19757080078125,31756200
2025-03-14,162.70582188820455,165.91469633780176,161.88864811378173,164.91815185546875,31995900
2025-03-17,164.45973844695973,165.72535422603255,163.10443731189008,163.7222900390625,31184300
2025-03-18,163.11440067725707,163.68243835584954,156.17845929337233,160.11480712890625,42074800
2025-03-19,161.20102488744715,165.29682318848322,160.44365657902026,163.32366943359375,34275600
2025-03-20,161.01169658179438,164.3202162999389,160.40380384962694,162.23744201660156,28138500
2025-03-21,160.65296231959232,163.6724912535671,160.33406074736575,163.42335510253906,36625800
2025-03-24,166.492708348571,167.7383890591239,164.56936942432435,167.1005859375,30879100
2025-03-25,168.3960847024039,170.04039224469534,167.7383768915496,169.9706268310547,24174400
2025-03-26,168.41602720143118,169.0239199788623,164.27039826701778,164.48963928222656,28901600
2025-03-27,164.06113851285755,164.84840203770966,161.44022141043914,161.6793975830078,24508300
2025-03-28,159.9354404969839,161.26084657481337,153.0991442674789,153.79672241210938,48669300
2025-03-31,152.58092477046202,155.0025205393741,150.13939385440554,154.1056365966797,54603500
2025-04-01,153.08917642482464,157.55370717648853,153.08917642482464,156.5272674560547,30672900
2025-04-02,154.61386135810304,157.86260591341835,154.16541940835015,156.49732971191406,25041700
2025-04-03,150.58783997911712,152.25206746912303,149.87032672274708,150.19918823242188,46883400
2025-04-04,147.49855413182192,150.54799324363788,144.8776522919314,145.09689331054688,62259500
2025-04-07,141.06087632952463,152.3218321659185,140.04439668677543,146.24290466308594,76794100
2025-04-08,150.69745588802078,151.7139355045659,142.5357542501846,144.19998168945312,52200200
2025-04-09,143.9209605893895,158.99868434001036,143.41272834835817,158.16159057617188,70406200
2025-04-10,155.99906254121734,157.17499290712513,149.41190307502956,152.29193115234375,48022000
2025-04-11,152.37166086891528,157.12518279409443,152.29195068350106,156.59701538085938,33636200
2025-04-14,159.44711904636745,161.16117679260088,157.0155480479404,158.5203399658203,30333000
2025-04-15,158.58014524074957,159.09833747842598,154.6736922783896,155.76988220214844,27551500
2025-04-16,152.57096991980188,155.35132240030543,150.98645259897873,152.8001708984375,28187400
2025-04-17,153.75682305169659,154.1454747449612,147.98683788152775,150.6376495361328,33046600
2025-04-21,148.36555457655837,148.43530478654532,145.59516199807078,147.15972900390625,26049100
2025-04-22,148.37550764431742,151.66410748339032,148.02671099242252,150.94659423828125,26971800
2025-04-23,155.07229801307963,156.98566172409713,153.27851478210604,154.81320190429688,31128800
2025-04-24,155.61041000027018,159.03852534598082,155.2516533895316,158.72959899902344,45894000
2025-04-25,164.49961422965615,165.52605388757996,160.4835257508864,161.40036010742188,56034000
2025-04-28,161.86871096281394,162.58622419769722,158.05195902405725,160.0550079345703,29745800
2025-04-29,159.76603342291708,160.18458031932272,156.97570557414937,159.60658264160156,26809000
2025-04-30,157.43409270690867,158.7196436016194,154.86300612354924,158.2512664794922,34981100
2025-05-01,159.8955611021286,161.39037784388623,158.36088927125815,160.7426300048828,30203200
2025-05-02,162.84534306658284,164.39995007912242,161.3106559960053,163.46319580078125,25715000
2025-05-05,162.4367677423953,164.81850869798296,162.15773647441492,163.64259338378906,21341800
2025-05-06,161.6096198520829,164.23053675483612,160.63301049910467,162.66595458984375,21277200
2025-05-07,163.5130310359637,164.42985019413678,147.32914212449143,150.85691833496094,127490100
2025-05-08,154.46440047734652,155.39117958130052,152.37165090458322,153.74688720703125,57498700
2025-05-09,153.63724389242287,154.51420780507095,151.6740502645559,152.22215270996094,32435300
2025-05-12,156.94581087118723,158.5502482480448,155.7100901217978,157.91246032714844,44138800
2025-05-13,158.24131128306263,160.0151746711756,155.62040930962155,158.978759765625,42382100
2025-05-14,159.4072742222668,166.4229412214118,159.0584775444673,164.79856872558594,48755900
2025-05-15,165.26694125278715,165.6356730691148,161.80893051621783,163.39344787597656,33146700
2025-05-16,167.15039440077075,168.76480673115492,165.04768502743337,165.61572265625,42846900
2025-05-19,163.9415089419112,166.06415331734098,163.65251776508842,165.96449279785156,30426100
2025-05-20,165.8548915457752,167.91774593119885,162.337090725838,163.41336059570312,46607700
2025-05-21,163.12438701474937,172.54173038625467,162.99483135159699,167.97755432128906,73416000
2025-05-22,171.25618084668935,176.15917803179707,170.12012070875053,170.27955627441406,74864400
2025-05-23,168.47582079984258,169.37272002705043,167.30986548992928,167.8878631591797,35211400
2025-05-27,169.5720138436325,172.5716072803838,169.41256307598843,172.3025360107422,37995700
2025-05-28,172.56165823831284,174.66436785084326,171.31597754856884,171.76441955566406,34784000
2025-05-29,173.3987639368741,173.81731085268368,170.0404134323131,171.2661590576172,29317300
2025-05-30,170.75790891590938,171.61493780799663,166.86141620850907,171.1465606689453,52639900
2025-06-02,167.26003241267054,169.28301661805224,166.81159040962694,168.4459228515625,38612300
2025-06-03,166.91124474262,167.89781407143477,164.70887469424017,165.6057586669922,45084900
2025-06-04,166.1638436483944,167.63872532387313,165.78515185366567,167.4693145751953,26900800
2025-06-05,169.75139851627495,170.33935616350743,167.01090094696792,167.62876892089844,36379100
2025-06-06,170.23972142250292,173.89703839964744,170.23972142250292,173.07986450195312,35731800
2025-06-09,174.14743750903665,176.07310468622353,173.97782168090652,175.69395446777344,28935900
2025-06-10,175.80372221831115,180.70268325607967,174.5166301339373,178.19833374023438,61766100
2025-06-11,179.36569688795734,179.96433833777158,176.352484683136,176.95114135742188,31646800
2025-06-12,175.7837409838909,176.32253497944023,174.3569645474145,175.30482482910156,20941900
2025-06-13,172.05218023736916,176.73163473712606,172.00228964381978,174.27716064453125,27663100
2025-06-16,174.33701609632743,176.5420523549515,174.25719419482596,176.3724365234375,27389200
2025-06-17,175.30483777675101,176.96110799729416,174.1873615915514,175.5542755126953,24973000
2025-06-18,175.6141436330853,176.16290971424257,172.81046582918458,172.93020629882812,28707500
2025-06-20,173.55878574385125,173.94790803011588,165.08788938336605,166.26522827148438,75659900
2025-06-23,165.89603893694584,166.96362443515676,161.63563852290417,164.81846618652344,57671000
2025-06-24,166.5445998017471,167.84167918331357,165.75638318822968,166.3949432373047,40524300
2025-06-25,167.25299905707695,171.97235685648238,167.17317715297744,170.29612731933594,35479000
2025-06-26,172.0421997468365,173.29937576602373,169.5578094698184,173.1497039794922,31796700
2025-06-27,173.14969619543672,178.27813555923768,171.3437693802371,178.12847900390625,108140200
2025-06-30,180.37340297441276,180.82238782578247,174.18735055967244,175.83363342285156,63378900
2025-07-01,175.3447530851258,175.6939567742825,173.139716841545,175.44451904296875,35904500
2025-07-02,175.14518633422566,178.4577266308603,174.67625741761273,178.23822021484375,29128900
2025-07-03,178.09853847776557,179.265905222364,176.65180269468908,179.126220703125,21689700
2025-07-07,178.65727862884938,178.89674433224096,175.28487562232132,176.3923797607422,34175600
2025-07-08,177.4500058972594,177.54977185383785,172.42133277200756,173.9678497314453,40442500
2025-07-09,174.85584916951822,179.03642797074187,172.38143114455036,176.22276306152344,43025600
2025-07-10,175.2350053597822,178.02869585837095,173.98781666417247,177.22052001953125,29252400
2025-07-11,176.39239690386106,181.02196104807066,176.08309652221448,179.78475952148438,34282900
2025-07-14,180.60289104600895,183.2569121837853,179.27588047712075,181.1516571044922,32536600
2025-07-15,182.3988435351607,183.80567598843865,181.1915734457722,181.59066772460938,33448300
2025-07-16,182.82789923086935,183.91544417003013,181.62061381873355,182.55850219726562,33104200
2025-07-17,181.73035050857078,183.64603043273615,180.07408034072432,183.1671142578125,31992600
2025-07-18,184.9830305164638,186.00074080595235,183.2968441040249,184.643798828125,34014500
2025-07-21,185.83112267520195,189.86202999312056,185.73134148599024,189.67247009277344,45803100
2025-07-22,191.0693117786785,191.21896833519165,187.03840453704987,190.90966796875,44660200
2025-07-23,191.06931784155387,192.09700016081177,188.75452819755446,189.8021697998047,58681900
2025-07-24,196.5868474168703,197.5047763656739,190.57041105035847,191.73777770996094,74881700
2025-07-25,191.54821586623893,193.8929365997576,190.82983399147875,192.74551391601562,39785900
2025-07-28,193.21445136708732,193.61356085282932,190.41077383680673,192.14686584472656,38139500
2025-07-29,191.99721287217557,195.47936925683575,191.64800916549822,195.30975341796875,41389200
2025-07-30,195.1600963397073,197.155598285003,194.2521393007246,196.08799743652344,32445400
2025-07-31,195.26984291287636,195.54921195775628,190.66022322341527,191.46839904785156,51329200
2025-08-01,188.6048544387261,190.40080913246982,187.39758435603645,188.7046356201172,34832200
2025-08-04,189.86201672672937,194.830827292421,189.69240089649873,194.60133361816406,31547400
2025-08-05,194.27208103659058,197.41499022677854,193.45391800516853,194.23216247558594,31602300
2025-08-06,194.0625664055758,196.18778087351924,193.23443126184418,195.64898681640625,21562900
2025-08-07,196.6167969951023,197.09571318148866,193.8929412029117,196.07801818847656,26321800
2025-08-08,196.7764442791972,202.15432130991044,196.72655368662487,200.9669952392578,39161800
2025-08-11,200.48808049350347,201.02685931355308,198.62229106869012,200.54794311523438,25832400
2025-08-12,200.91710457512625,204.04006993048975,200.1388600495838,202.88267517089844,30397900
2025-08-13,203.6709007567403,204.06999503609887,197.06577929471834,201.5057830810547,28342900
2025-08-14,201.0468177297292,203.98020797768137,200.77742070862897,202.48358154296875,25230400
2025-08-15,203.39153088363753,205.97570210941166,200.82730371462006,203.44140625,34931400
2025-08-18,203.74073522255918,204.80833601681928,202.0345896716843,203.0423126220703,18526600
2025-08-19,202.57337657986534,202.98245812812408,199.51028904350812,201.11666870117188,24240200
2025-08-20,200.27853657760338,200.82730262485018,196.15783565803162,198.87171936035156,28955500
2025-08-21,199.30075073242188,202.02460654215824,198.9814631231269,199.30075073242188,19774600
2025-08-22,202.27405146693474,208.07098221204853,200.8472748764244,205.62649536132812,42827000
2025-08-25,205.96570803332725,210.046520726557,204.8183006045268,208.02108764648438,29928900
2025-08-26,207.04328099820484,207.38252787024734,205.23735432936843,206.6741180419922,28464100
2025-08-27,205.2373711930947,208.4401585010209,205.18748059977113,207.01336669921875,23022900
2025-08-28,206.7838755896793,211.74269881815906,206.43465668224866,211.16400146484375,32339300
2025-08-29,210.0365560843286,214.16724458693432,209.72725571237183,212.43116760253906,39728400
2025-09-02,207.9712205067108,211.20392399730977,205.73625278986853,210.8746795654297,47523000
2025-09-03,225.70126168023373,230.78978267421618,224.28444185471682,230.14125061035156,103336100
2025-09-04,229.13349303754427,231.84737676203946,225.60146147412655,231.7775421142578,51684200
2025-09-05,231.677775522156,235.22976659054154,231.37844718195538,234.4714813232422,46588900
2025-09-08,235.15054099905157,237.8069358559837,233.3529799966882,233.72247314453125,32474700
2025-09-09,233.85230194861487,240.14375784585562,232.91357479962468,239.30490112304688,38061000
2025-09-10,238.5758820575914,241.33214736167037,237.5273187664355,238.84552001953125,35141100
2025-09-11,239.55457404217233,241.9213539288796,235.92949376965038,240.0438995361328,30599300
2025-09-12,240.04388783032,241.75157459718335,237.67710805902945,240.4733123779297,26771600
2025-09-15,244.32807821701437,252.06756394348793,244.32807821701437,251.26864624023438,58383800
2025-09-16,251.73800966841424,252.696698721273,249.13154999644232,250.8192596435547,34109700
2025-09-17,250.87917693990602,251.25866627901078,245.94587648389523,249.19146728515625,34108000
2025-09-18,251.338548569648,253.64542748570952,249.46110945180462,251.68807983398438,31239500
2025-09-19,252.90642848071656,255.65269769422878,251.4683796180924,254.3744354248047,55571400
2025-09-22,254.08482475081846,255.4329993925613,249.96043800377367,252.18740844726562,32290500
2025-09-23,252.69670571321294,254.01492224497756,250.1401811840686,251.31858825683594,26628000
2025-09-24,251.31859024650916,252.00765659919705,246.1056707170572,246.80471801757812,28201000
2025-09-25,244.0684141454478,246.15559020390248,240.41339128252798,245.45652770996094,31020400
2025-09-26,246.73481561544992,249.08161830530747,245.63630185383965,246.2055206298828,18503200
2025-09-29,247.51375020937843,250.80926093832198,242.4406403715287,243.71890258789062,32505800
2025-09-30,242.48058753408858,242.9599320717839,238.92541967317948,242.77020263671875,34724300
2025-10-01,240.42338523813993,245.96585884887978,238.2862890899911,244.5677490234375,31658200
2025-10-02,244.8174135056227,246.4751651396655,241.97128907367482,245.356689453125,25483300
2025-10-03,244.15830178707057,245.96584369150784,241.33213946713911,245.0171356201172,30249600
2025-10-06,244.44791178946252,250.97904766602093,244.24818617214953,250.09024047851562,28894700
2025-10-07,247.93317917084852,250.1002333278666,245.18691006468788,245.42657470703125,23181300
2025-10-08,244.62768203424937,245.67624536262252,243.48922922331397,244.2881317138672,21307100
2025-10-09,244.13833003954065,244.42792989328805,238.82554034163272,241.2023162841797,27892100
2025-10-10,241.10244578834048,243.75884063652228,235.52003337107624,236.24905395507812,33180300
2025-10-13,239.8841293059291,244.16830263513637,239.38480762364867,243.8187713623047,24995000
2025-10-14,240.9027282868883,246.78473694130554,240.18370386409978,245.11700439453125,22111600
2025-10-15,246.91456723829836,251.76797450819856,245.6562821083569,250.68943786621094,27007700
2025-10-16,251.42842769264908,256.6113736152233,249.76069521164578,251.1188507080078,27997200
2025-10-17,250.41979725844868,253.87510990312921,247.4738024671156,252.95635986328125,29671600
2025-10-20,254.3444728441902,256.98087539491434,253.88509020638818,256.2019348144531,22350200
2025-10-21,254.39440086428343,254.53421031738455,243.81875668908756,250.12020874023438,47312100
2025-10-22,254.02489806023604,256.01218852739623,248.95178813355238,251.34854125976562,35029400
2025-10-23,252.6367781341903,254.69398089708358,251.50832156545113,252.7366485595703,19901400
2025-10-24,256.23191746004557,261.32500504033385,254.97364746401067,259.5674133300781,28655100
2025-10-27,264.4607188078389,269.7735083332291,263.92144290721717,268.9046630859375,35235200
2025-10-28,269.3241367489819,270.3627344019799,266.1384619149823,267.1071472167969,29738600
2025-10-29,267.38675485794886,274.96645416764926,267.3068768000952,274.197509765625,43580300
2025-10-30,291.1944142933695,291.1944142933695,279.6800575475708,281.09814453125,74876000
2025-10-31,282.8257813584811,285.6120049046921,276.6541726227251,280.80853271484375,39267900
2025-11-03,281.797163766903,285.14262497278366,279.42038779718166,283.3350830078125,29786000
2025-11-04,276.3745458896769,280.88840284028174,275.88522040271835,277.1634826660156,30078400
2025-11-05,278.4916636746374,286.03143918614273,276.96374058170124,283.9242858886719,31010300
2025-11-06,284.9429082592804,287.9588308357049,280.7586204462715,284.36370849609375,37173600
2025-11-07,282.82575309004056,283.39498707048995,274.816645004158,278.4516906738281,34479600
2025-11-10,284.03413439651047,290.40545290698407,282.47622284552773,289.7064208984375,29557300
2025-11-11,287.3595968518003,291.5239526379353,286.9301875660949,290.9147644042969,19842100
2025-11-12,291.2842728658537,291.613842224268,283.30512258449664,286.3210144042969,24829900
2025-11-13,281.9569519907634,282.45627365196606,276.8638649512614,278.19207763671875,29494000
2025-11-14,271.04178706348836,278.1820807042813,270.3327588398133,276.0350036621094,31647200
2025-11-17,285.392279437324,293.55120856159544,283.1852862901624,284.63330078125,52670200
2025-11-18,287.52939388700526,288.4081743957296,277.8225797399186,283.8943176269531,49158700
2025-11-19,286.77042153983126,303.39782684502376,286.2411417953812,292.4127502441406,68198900
2025-11-20,304.1268355762142,306.0042898345543,288.2783714658303,289.05731201171875,62025200
2025-11-21,296.0178540164301,303.50767860502685,293.4513334764558,299.2534484863281,74137700
2025-11-24,310.70789188393536,319.0465694557707,309.17996886834777,318.14776611328125,85165100
2025-11-25,325.767421144808,328.3838617048627,317.2190369667809,323.0011901855469,88632100
2025-11-26,320.2449508538883,324.0597758686898,316.36024396458464,319.5159606933594,51373400
2025-11-28,322.9312800436979,326.40656970987055,316.3602205188893,319.74560546875,26018600
2025-12-01,317.26898426885936,319.41606123931075,313.46415578589995,314.4627990722656,41183000
2025-12-02,316.3102616947243,317.948051296999,313.4841146313127,315.38153076171875,35854700
2025-12-03,315.4614642178001,321.14371687287894,313.67388407801036,319.1963806152344,41838300
2025-12-04,321.7928484740126,321.92264650582644,314.27306548179905,317.1890869140625,31240900
2025-12-05,319.05652267664885,322.72155681925386,318.73697999805336,320.8341064453125,28851700
2025-12-08,319.82486263347363,320.21460294317257,311.0010871288888,313.49932861328125,33909400
2025-12-09,312.15025542764414,317.7662971049956,311.6805848338384,316.85693359375,30194000
2025-12-10,315.6078174223929,321.0839735202244,314.45863248382005,319.9847412109375,33428900
2025-12-11,319.85481737290655,320.8940942947929,308.3829128168011,312.210205078125,42353700
2025-12-12,313.47935032153816,314.6485102459599,305.34506149685063,309.07244873046875,35940200
2025-12-15,311.1009991314403,311.2009348824072,304.66552711937686,308.003173828125,29151900
2025-12-16,304.7354841263937,310.5513666605185,302.37712849550337,306.3543395996094,30585000
2025-12-17,307.7933270972379,307.87325739956634,295.9116769824828,296.5112609863281,43930400
2025-12-18,301.50775321966603,303.7461677101471,299.0195145942255,302.2472229003906,33518000
2025-12-19,301.5177661333593,307.03387224107576,300.7582909786616,306.9439392089844,59943200
2025-12-22,309.66200850448513,309.9118326328777,305.0852133945127,309.56207275390625,26429900
2025-12-23,309.41219480947996,314.7184570357758,309.1024153195162,314.1288757324219,25478700
2025-12-24,314.5485634057752,314.8583428959372,311.70059264113144,313.8690490722656,10097400
2025-12-26,314.25877806497726,314.86833429915043,312.0603135401851,313.2894592285156,10899000
2025-12-29,311.15095467052413,313.79908436732376,310.4014822754237,313.33941650390625,19621800
2025-12-30,312.28018544302313,316.72706748217655,312.24020504037514,313.6292419433594,17380900
2025-12-31,312.62992729269524,314.3586907819443,311.22091551782626,312.7798156738281,16377700
2026-01-02,316.67708324131615,322.2731502440002,310.11169732658084,314.9283142089844,32009400
2026-01-05,317.4365596004392,318.79558832967825,314.4086921415047,316.3173522949219,30195600
2026-01-06,316.17741436833177,320.71422913013345,311.5606693028291,314.1188659667969,31212100
2026-01-07,314.13884430323384,325.9205589972494,313.96898096999803,321.7535095214844,35104400
2026-01-08,328.7385750407063,330.0876314322289,321.2738288701313,325.2110595703125,31896100
2026-01-09,326.8598973489763,330.5972566011106,325.5707962902668,328.3388671875,26214200
2026-01-12,325.57079145505844,333.80501545240315,324.77136644379436,331.62652587890625,33923900
2026-01-13,334.7144015630273,340.25048265726696,333.38532003422745,335.7336730957031,33517600
2026-01-14,334.8243096530742,336.2832741209541,330.2475447349911,335.603759765625,28525600
2026-01-15,337.4124676651339,337.4524480652932,330.507324974913,332.5458984375,28442400
2026-01-16,334.1747541117482,334.4145755186536,327.46948297740045,329.7678527832031,40341600
2026-01-20,320.6442885211675,327.49947891315526,320.20459558658575,321.77349853515625,35361000
2026-01-21,320.6942733516965,332.24613943011235,319.12537039479025,328.1490173339844,35386600
2026-01-22,334.2147483456718,334.9142376434696,328.5187457270175,330.3074951171875,26253600
2026-01-23,332.25610013077164,333.45526818914374,327.21966747627397,327.6993103027344,27280000
2026-01-26,327.5793954045391,335.60374537803585,326.7699676491338,333.02557373046875,26042100
2026-01-27,335.1340666902067,337.6722883721735,333.2454121385867,334.31463623046875,21636200
2026-01-28,335.82360375323316,337.30257365930305,331.7065067534381,335.7736511230469,27434400
2026-01-29,340.06060015063264,342.0492210013424,326.3103005061971,338.0120544433594,39785600
2026-01-30,339.76083067041884,339.76083067041884,332.0562627255977,337.7622375488281,31024000
2026-02-02,335.983495554882,344.5874244246442,335.3939142353609,343.4482421875,32006100
2026-02-03,347.09564553860224,348.7544814019383,337.2325938809106,339.47100830078125,36506700
2026-02-04,342.7187296036167,343.0684894885568,328.2888852617291,332.80572509765625,70618400
2026-02-05,312.0003564748562,332.45595718246585,306.24439883874277,331.0169677734375,88205800
2026-02-06,326.94984200428365,330.147603202773,319.694969697787,322.63287353515625,56380500
2026-02-09,320.70422803551696,327.4694850607409,317.03682684844796,324.09185791015625,39640100
2026-02-10,320.7441987510988,321.4437184993816,314.38865715458337,318.3558654785156,39170000
2026-02-11,318.7456164455411,320.8341425405983,309.44216816023624,310.7412414550781,45406400
2026-02-12,311.87044586439265,316.0175203045161,306.9839017615506,308.7826232910156,47761300
2026-02-13,307.5135396808651,308.41290048065196,303.4963480144474,305.50494384765625,38499700
2026-02-17,299.82893803190484,304.22583664461854,296.04159566157676,301.8075256347656,39247600
2026-02-18,301.87748970860525,305.1651838815364,301.0380842700908,303.1166076660156,28482100
2026-02-19,301.6076886754516,305.25511494304027,299.828942056139,302.636962890625,25834400
2026-02-20,304.1059184917761,316.2773425544253,303.68620054308417,314.7584228515625,53210800
2026-02-23,318.82555353627805,319.29522413676915,309.65201848441603,311.2708740234375,31423000
2026-02-24,310.3015673465962,312.05033638585,305.71479964031533,310.6813049316406,25615600
2026-02-25,311.84046520002283,313.4193707572093,309.22231323387047,312.67987060546875,29963600
2026-02-26,312.42009761480955,312.9197459051382,302.1373272609355,307.1637878417969,36431200
2026-02-27,303.92607541564644,312.1502667227519,303.5862877430576,311.54071044921875,44640600
2026-03-02,303.0166882830762,308.27296712894787,301.088022863519,306.3043518066406,34790200
2026-03-03,298.37994467731505,303.72618716624237,296.5012623376298,303.3664245605469,35497000
2026-03-04,302.6769571429086,305.2551289128473,300.5384478137644,302.9167785644531,29536200
2026-03-05,302.82681905445145,303.08661540637286,297.78035344585857,300.6683349609375,35752300
2026-03-06,295.88171424137005,300.31859339921897,294.97235071392555,298.30999755859375,25576900
2026-03-09,294.3599853515625,306.79998779296875,294.0799865722656,306.3599853515625,29312100
2026-03-10,306.1700134277344,309.510009765625,305.57000732421875,307.0400085449219,23239700
2026-03-11,306.75,311.4200134277344,305.9200134277344,308.70001220703125,24125700
2026-03-12,306.82000732421875,308.94000244140625,301.0299987792969,303.54998779296875,24928300
2026-03-13,307.010009765625,307.69000244140625,300.44000244140625,302.2799987792969,23693100
2026-03-16,304.3500061035156,306.489990234375,303.0199890136719,305.55999755859375,23519700
2026-03-17,305.8599853515625,311.4200134277344,305.5,310.9200134277344,21955200
2026-03-18,309.2699890136719,312.4700012207031,306.92999267578125,307.69000244140625,20009800
2026-03-19,304.010009765625,308.05999755859375,302.3500061035156,307.1300048828125,25075800
2026-03-20,305.4599914550781,306.0,298.2699890136719,301.0,44364100
2026-03-23,302.1099853515625,305.9800109863281,300.92999267578125,302.05999755859375,29326900
2026-03-24,299.20001220703125,299.9200134277344,290.3299865722656,290.44000244140625,36864300
2026-03-25,293.44000244140625,296.0,289.239990234375,290.92999267578125,29460700
2026-03-26,287.9100036621094,287.95001220703125,278.5,280.9200134277344,39080600
2026-03-27,277.2799987792969,279.3699951171875,273.95001220703125,274.3399963378906,35890600
2026-03-30,276.4200134277344,277.0899963378906,272.1099853515625,273.5,35141200
2026-03-31,278.0400085449219,288.0799865722656,277.0899963378906,287.55999755859375,43875400
2026-04-01,290.8399963378906,300.5199890136719,290.4100036621094,297.3900146484375,37684500
2026-04-02,290.69000244140625,298.0799865722656,289.45001220703125,295.7699890136719,21666500
2026-04-06,295.8699951171875,300.6199951171875,295.17999267578125,299.989990234375,16945500
2026-04-07,302.7300109863281,305.6300048828125,297.7200012207031,305.4599914550781,23205400
2026-04-08,320.45001220703125,322.0799865722656,315.0199890136719,317.32000732421875,33547100
2026-04-09,315.9100036621094,319.5400085449219,311.05999755859375,318.489990234375,23739200
2026-04-10,320.0199890136719,321.8299865722656,316.32000732421875,317.239990234375,19127000
