Date,Open,High,Low,Close,Volume
2024-04-09 00:00:00-04:00,394.456133819376,396.09525948394605,390.1809449240064,393.68927001953125,1247200
2024-04-10 00:00:00-04:00,387.26695476509514,388.64728036807026,380.82544503549923,384.1516418457031,1903300
2024-04-11 00:00:00-04:00,383.88324178567325,384.8322046554356,378.4769617028584,381.007568359375,2176200
2024-04-12 00:00:00-04:00,376.5598377690991,377.75803500359484,371.0768860539321,373.3486633300781,2815800
2024-04-15 00:00:00-04:00,390.1330007774035,395.75973003936184,382.16738828603474,384.2666320800781,6177000
2024-04-16 00:00:00-04:00,387.68868694630146,388.187126436603,378.8028380365053,380.4132080078125,3459700
2024-04-17 00:00:00-04:00,385.72361951165,390.24801310649025,384.55417792667,387.1710510253906,4373800
2024-04-18 00:00:00-04:00,388.6856388713481,390.95741644522496,385.7332933698863,386.4042663574219,2776300
2024-04-19 00:00:00-04:00,387.3148658646243,391.09158597134126,386.30839186657846,387.2573547363281,2805500
2024-04-22 00:00:00-04:00,390.0755173582628,400.6580037664898,387.80374003008876,400.0541076660156,4165600
2024-04-23 00:00:00-04:00,400.39919077315506,407.72258677829564,398.95178831362534,406.42852783203125,2662300
2024-04-24 00:00:00-04:00,404.0320831687668,406.9844281057166,402.2203950178115,405.5082702636719,1575900
2024-04-25 00:00:00-04:00,403.54322804456183,406.0546447327881,397.65769852180534,402.6421813964844,1970100
2024-04-26 00:00:00-04:00,402.8147748461424,410.77079328043556,402.2492292263766,409.8505859375,2322700
2024-04-29 00:00:00-04:00,409.85048993740145,415.3717619546203,409.4958282973048,412.9562072753906,2453000
2024-04-30 00:00:00-04:00,410.74201070729254,413.51225674620207,408.3456162457564,409.02618408203125,1829900
2024-05-01 00:00:00-04:00,409.0069912206658,415.4676608188407,407.56915465707004,409.2562255859375,2310100
2024-05-02 00:00:00-04:00,413.33012160167414,415.6785705834829,410.425692732367,414.6433410644531,2087500
2024-05-03 00:00:00-04:00,416.9726367681036,423.97009690237746,416.895965016509,420.0208435058594,2406300
2024-05-06 00:00:00-04:00,423.4428814640403,425.9638929996206,421.4586599224017,425.2833251953125,1914300
2024-05-07 00:00:00-04:00,426.7212078015737,428.87796294813165,424.5165072111517,425.407958984375,2058200
2024-05-08 00:00:00-04:00,424.4493908453296,429.45306383408143,423.7304724805829,428.42742919921875,2006700
2024-05-09 00:00:00-04:00,427.8426986578943,437.5145436596211,427.8426986578943,436.68060302734375,2710200
2024-05-10 00:00:00-04:00,437.60074593282417,439.7383401116989,435.49193656738277,435.88494873046875,1823900
2024-05-13 00:00:00-04:00,437.36117230839574,438.25265332602953,434.5334442503295,434.76348876953125,1579600
2024-05-14 00:00:00-04:00,435.9904316828201,442.63323029903523,435.19484157015063,439.4700012207031,2412900
2024-05-15 00:00:00-04:00,442.46066012667455,446.8700315456738,441.8471983895113,446.774169921875,2217700
2024-05-16 00:00:00-04:00,445.1254787730582,448.84468769969845,443.1220964909994,445.2692565917969,2070300
2024-05-17 00:00:00-04:00,447.0522363687209,449.2377472022283,445.01050336908924,448.3367004394531,1655900
2024-05-20 00:00:00-04:00,448.7967842500651,451.9408527381318,443.42885459284156,443.7547607421875,2591500
2024-05-21 00:00:00-04:00,443.07422562023874,451.7779184215003,443.0454700535499,450.91522216796875,2762600
2024-05-22 00:00:00-04:00,447.9915556252705,450.83847343760925,440.69694486956473,443.21795654296875,2729500
2024-05-23 00:00:00-04:00,444.99131709837525,445.0679888544021,438.45394560148156,439.16326904296875,2254500
2024-05-24 00:00:00-04:00,440.78325444994795,445.96905611957584,440.0739309757687,442.0677185058594,1932200
2024-05-28 00:00:00-04:00,440.87907275970184,444.47366447617145,439.891759405026,440.75445556640625,1930800
2024-05-29 00:00:00-04:00,435.9904512868009,439.7288210709762,432.9326493889188,438.2239074707031,2315700
2024-05-30 00:00:00-04:00,436.8544598345423,439.61251139280176,431.64692911322106,434.1831970214844,2135000
2024-05-31 00:00:00-04:00,433.7299485675768,440.4900825783786,432.1483862817534,440.2489929199219,2638300
2024-06-03 00:00:00-04:00,442.5152559190956,442.5152559190956,434.15428277391925,438.763916015625,1930700
2024-06-04 00:00:00-04:00,434.4435695245143,441.396587113827,433.1995386322324,439.0724792480469,1835000
2024-06-05 00:00:00-04:00,441.24229169445414,446.51733472491446,441.19408553356516,445.22509765625,1678900
2024-06-06 00:00:00-04:00,445.36012044653387,447.9638711531898,440.72155767734023,441.772705078125,1598000
2024-06-07 00:00:00-04:00,439.20752005657886,444.72365288944053,438.30102054199074,438.6964111328125,1736100
2024-06-10 00:00:00-04:00,436.20833843881763,439.1303439927819,434.25069154200185,437.3848571777344,1698600
2024-06-11 00:00:00-04:00,434.9643348220825,435.7550865503395,427.577344013057,428.43560791015625,1938200
2024-06-12 00:00:00-04:00,439.36180187838823,441.3291017426041,430.28718355248935,432.7077331542969,1733000
2024-06-13 00:00:00-04:00,430.8079282621847,432.34125490562815,426.3911493904796,430.44146728515625,1849100
2024-06-14 00:00:00-04:00,426.2368923386752,432.25451063820043,423.49811716262695,430.5475769042969,1559100
2024-06-17 00:00:00-04:00,429.2360199775636,434.7135697781068,427.586975007201,434.13494873046875,1531600
2024-06-18 00:00:00-04:00,433.5467117711253,441.3772990551996,432.52449398851786,441.1265563964844,1798400
2024-06-20 00:00:00-04:00,441.6762811420217,444.0003891224128,439.0146417332948,441.7244873046875,2080600
2024-06-21 00:00:00-04:00,442.33199685398813,442.44771517753793,433.8649294988896,434.13494873046875,3780800
2024-06-24 00:00:00-04:00,435.16686900437304,446.99953981168085,433.9614206137792,445.6205139160156,1882200
2024-06-25 00:00:00-04:00,443.08422220664255,447.5395545123231,440.4708184753248,441.078369140625,1555900
2024-06-26 00:00:00-04:00,439.1785440902566,441.6087171151096,436.3240509361595,439.61248779296875,2131700
2024-06-27 00:00:00-04:00,433.74922570145816,433.74922570145816,427.01799183395775,430.06536865234375,2835200
2024-06-28 00:00:00-04:00,434.0578226283021,441.039769649783,433.5081311493474,436.1986999511719,3839700
2024-07-01 00:00:00-04:00,438.3106759086711,447.481707002658,437.8284965655421,447.1345520019531,1850500
2024-07-02 00:00:00-04:00,445.06116774717754,449.65149488583256,443.21923920332756,449.0150146484375,1491800
2024-07-03 00:00:00-04:00,452.32275267268153,453.14246334453554,449.21751689487184,451.24267578125,993900
2024-07-05 00:00:00-04:00,450.8087562668514,450.9148215959976,443.73036704091794,448.1856994628906,1593800
2024-07-08 00:00:00-04:00,450.9823264344357,457.9353442093131,447.5010057598069,448.2532043457031,2214300
2024-07-09 00:00:00-04:00,449.0053973830215,462.21709334946314,445.12865673986283,455.9776916503906,4525100
2024-07-10 00:00:00-04:00,455.66913367990907,462.75714650205833,453.1039360348899,461.8217468261719,1946000
2024-07-11 00:00:00-04:00,462.8921121522085,465.93948875546374,459.2950441025994,462.1495666503906,2251400
2024-07-12 00:00:00-04:00,463.7889624369282,466.2095118778748,461.05984061867986,462.7763977050781,2727800
2024-07-15 00:00:00-04:00,463.1332518216898,475.4288248789028,459.33367630295186,474.686279296875,3568200
2024-07-16 00:00:00-04:00,476.39320039563285,488.5344729631977,474.4548299805062,485.0917053222656,3981700
2024-07-17 00:00:00-04:00,485.0723973612607,491.3214519617885,481.62962994305786,484.2816162109375,3908900
2024-07-18 00:00:00-04:00,481.7164092710342,485.73779768231,466.96173409562726,468.88079833984375,3320200
2024-07-19 00:00:00-04:00,471.68711913482747,475.04309798068385,465.9684791494396,467.6464538574219,2032700
2024-07-22 00:00:00-04:00,467.28962385603734,472.0246283466245,465.18732906776074,469.6812438964844,1792500
2024-07-23 00:00:00-04:00,469.7198251610308,478.13868725185404,468.9483499688583,474.609130859375,2020500
2024-07-24 00:00:00-04:00,471.8221494854077,478.31226473574577,468.5047531853977,469.3533935546875,1598600
2024-07-25 00:00:00-04:00,468.7265104405351,478.4279561130087,466.00704141204716,474.1847839355469,1489700
2024-07-26 00:00:00-04:00,478.05187170360443,486.0367601575689,477.9843595348533,481.243896484375,2249700
2024-07-29 00:00:00-04:00,482.5843561445621,484.10802982314084,473.55794410965575,475.1587829589844,1599500
2024-07-30 00:00:00-04:00,480.5495524077528,491.31179838108375,480.5398994037706,487.6472473144531,2642500
2024-07-31 00:00:00-04:00,486.8660931758868,498.8241639617032,486.8660931758868,490.8874816894531,2658900
2024-08-01 00:00:00-04:00,491.822881007805,495.6996213755835,477.04890034259336,482.2950134277344,4006800
2024-08-02 00:00:00-04:00,473.59655406165433,476.8367851030325,450.5580110493018,453.86578369140625,6115500
2024-08-05 00:00:00-04:00,431.6372994250254,446.6716477625454,421.78155250682437,442.659912109375,4177200
2024-08-06 00:00:00-04:00,444.5789889841831,458.31144669103776,441.1265685494121,453.4607238769531,2209300
2024-08-07 00:00:00-04:00,462.3038882767116,471.1373872479669,455.72695549188046,456.1512756347656,2587600
2024-08-08 00:00:00-04:00,460.83808465029665,470.3466766819893,460.15339821754407,468.4565124511719,1936400
2024-08-09 00:00:00-04:00,467.73317911145597,474.46441246847155,465.01371033353433,472.78643798828125,1622700
2024-08-12 00:00:00-04:00,472.7864931828422,475.30345519696556,466.5085087942169,468.1961364746094,1839300
2024-08-13 00:00:00-04:00,472.8154302587581,475.68920031920925,469.1315730005766,474.4066162109375,1243700
2024-08-14 00:00:00-04:00,475.3324218090257,481.5525475161277,470.99280743566896,480.92572021484375,1545600
2024-08-15 00:00:00-04:00,487.00109748801464,488.84302596257584,480.50132988167974,481.2342224121094,1732300
2024-08-16 00:00:00-04:00,479.3344289114019,486.9143027880679,479.28622275350295,486.2874755859375,1587000
2024-08-19 00:00:00-04:00,487.00113724360017,489.68205321796336,483.9730368381534,486.6925354003906,1027900
2024-08-20 00:00:00-04:00,485.9114275765127,486.1910998480073,478.80410845981953,479.6141662597656,2122700
2024-08-21 00:00:00-04:00,481.6971615627513,482.93153949826905,476.4221183960697,478.7655029296875,917100
2024-08-22 00:00:00-04:00,479.2862220200865,481.8900020001994,477.1549977641487,480.0094909667969,943800
2024-08-23 00:00:00-04:00,484.83132550654705,494.17596345349614,482.0346912255059,491.26361083984375,1751800
2024-08-26 00:00:00-04:00,494.0795123891347,495.19814246992706,487.30969616327764,489.768798828125,1084200
2024-08-27 00:00:00-04:00,489.73991812355985,493.2501979139453,488.5344697499207,489.18060302734375,977900
2024-08-28 00:00:00-04:00,488.5440658959807,490.2509699996371,480.70382587752357,485.3905944824219,1568100
2024-08-29 00:00:00-04:00,487.9654657801393,494.9474128294683,483.2786969742898,491.9193420410156,1566300
2024-08-30 00:00:00-04:00,492.6274692815222,495.8868989294896,490.04712571537726,494.97503662109375,1838900
2024-09-03 00:00:00-04:00,492.27826464653714,494.4415175203063,470.8689500463276,472.8672790527344,2373600
2024-09-04 00:00:00-04:00,472.13003390003956,481.3456394261443,472.13003390003956,475.95208740234375,1509400
2024-09-05 00:00:00-04:00,478.8040649928531,480.92850702821926,468.6087148492982,473.27471923828125,1828300
2024-09-06 00:00:00-04:00,472.03305496806774,480.57931474957616,462.77863794916834,465.2522888183594,1995600
2024-09-09 00:00:00-04:00,470.99505914141514,479.48311709426827,468.9191380761671,473.9440612792969,1714200
2024-09-10 00:00:00-04:00,474.4873079955064,474.55521956600285,447.7523522181096,453.1459045410156,3583100
2024-09-11 00:00:00-04:00,450.09018080829827,457.76338847710457,443.78476655341535,457.06494140625,2426500
2024-09-12 00:00:00-04:00,457.1910531823568,460.1400553982167,451.4676827321796,459.8684387207031,1480500
2024-09-13 00:00:00-04:00,461.7406266728785,467.667731473988,461.2653049171153,464.65081787109375,1794500
2024-09-16 00:00:00-04:00,467.01782070472103,472.7897123117435,465.1358945137254,470.63616943359375,1500300
2024-09-17 00:00:00-04:00,473.39113576263446,475.0693567989044,467.3767283437232,470.8592834472656,1444900
2024-09-18 00:00:00-04:00,470.8689151513506,478.23169509894876,467.34757917554396,470.0734558105469,1699500
2024-09-19 00:00:00-04:00,479.92937662991017,491.2500347133248,478.6876960939503,488.74725341796875,3060700
2024-09-20 00:00:00-04:00,485.2162023337385,487.02050674661467,480.64721023932924,483.5088806152344,4452600
2024-09-23 00:00:00-04:00,483.29544833123714,486.3899540347346,480.39496721762504,482.5194091796875,953200
2024-09-24 00:00:00-04:00,482.6940247060312,484.60505150499296,479.30851164344284,483.11114501953125,1035400
2024-09-25 00:00:00-04:00,483.57681989496996,486.9720433044632,475.71929694077147,476.4371643066406,1763900
2024-09-26 00:00:00-04:00,479.2114986880549,483.4797733223719,477.7370124264536,482.0440979003906,1378100
2024-09-27 00:00:00-04:00,484.03273839556186,490.27024156230067,481.0158245652494,483.5865173339844,1420100
2024-09-30 00:00:00-04:00,480.0748224208846,481.6560013309023,474.2641209242417,480.2882080078125,1602500
2024-10-01 00:00:00-04:00,479.7741406040969,479.7741406040969,470.1026033455109,475.4961853027344,1528600
2024-10-02 00:00:00-04:00,476.46622793417157,480.04573595718745,473.34262145651843,477.26165771484375,1445100
2024-10-03 00:00:00-04:00,475.2633661188636,475.8260197196772,469.7049193079217,471.54803466796875,1290600
2024-10-04 00:00:00-04:00,480.80243327094314,481.4523594349587,471.45100408291864,480.3367919921875,1721600
2024-10-07 00:00:00-04:00,479.82263735687167,484.07152131813683,476.0975961096794,479.81292724609375,1173300
2024-10-08 00:00:00-04:00,482.1216796301484,483.42156149156096,478.02800945596994,481.7045593261719,1296700
2024-10-09 00:00:00-04:00,483.28576725224946,491.1141591373232,480.42406737680636,490.0567932128906,1695900
2024-10-10 00:00:00-04:00,491.1529644362109,491.62828619031114,484.6341349908544,488.6405029296875,1309000
2024-10-11 00:00:00-04:00,492.79241532657477,502.46392308942546,492.5983907230359,500.84393310546875,2409700
2024-10-14 00:00:00-04:00,502.15352858982834,507.41125758600145,500.0775779354008,507.100830078125,2174900
2024-10-15 00:00:00-04:00,522.6703747159445,524.3292051641073,500.0776096482599,506.741943359375,4525400
2024-10-16 00:00:00-04:00,514.1337479291519,520.1675155699202,510.2340730077369,513.9979248046875,2649000
2024-10-17 00:00:00-04:00,515.3367520867089,519.2654991569332,512.4168501876027,513.163818359375,2123500
2024-10-18 00:00:00-04:00,513.5420819170203,514.8807746784352,511.09750222956785,512.6787109375,1779200
2024-10-21 00:00:00-04:00,512.1937047032316,513.9882991141632,501.52300252191424,502.2990417480469,1752100
2024-10-22 00:00:00-04:00,500.1745532577187,504.07422845846037,497.58449963728197,502.7840270996094,1588000
2024-10-23 00:00:00-04:00,500.35889749133923,504.4331773034664,498.0307798901207,501.7170104980469,1263200
2024-10-24 00:00:00-04:00,503.4631412240638,509.2835243596021,502.68710198092515,508.7984924316406,2058200
2024-10-25 00:00:00-04:00,512.2421349718926,512.9696827611363,495.45033436446846,497.254638671875,1633200
2024-10-28 00:00:00-04:00,499.970951398194,508.88584089437745,499.5634819356039,507.90606689453125,1687100
2024-10-29 00:00:00-04:00,505.57784967035224,511.4564339938824,505.4032452894152,508.5850830078125,1281600
2024-10-30 00:00:00-04:00,507.7314132571741,514.9001396938545,507.4112756270451,508.70147705078125,1441600
2024-10-31 00:00:00-04:00,506.800126930542,509.2834878553837,499.1269484317053,502.289306640625,2061700
2024-11-01 00:00:00-04:00,504.4331163481619,510.8743534283711,501.5617065248426,503.80255126953125,1625000
2024-11-04 00:00:00-05:00,502.4930543228641,502.54154567183656,495.2272858485021,496.1585388183594,1797800
2024-11-05 00:00:00-05:00,497.64276262136576,511.66990742066076,497.2547133922624,511.18487548828125,2169900
2024-11-06 00:00:00-05:00,550.3171878594413,580.6898833981188,549.1530994452328,578.1386108398438,8042800
2024-11-07 00:00:00-05:00,572.3376820940227,577.1880014338026,564.111559440316,564.7420654296875,4475600
2024-11-08 00:00:00-05:00,568.8646832488699,577.3333787906281,563.8979623228184,571.6196899414062,2714000
2024-11-11 00:00:00-05:00,580.9712058575358,588.9742318267097,578.3228915481194,584.3082275390625,2510800
2024-11-12 00:00:00-05:00,580.1466693802981,584.0657651985679,573.7636327160457,574.8501586914062,2392900
2024-11-13 00:00:00-05:00,576.8289726454694,585.4819241208909,574.9082654993975,576.4312133789062,1763100
2024-11-14 00:00:00-05:00,582.0383612825917,583.5225875237043,568.6902720572303,570.9893188476562,1670500
2024-11-15 00:00:00-05:00,575.5969410617828,577.3236827423405,569.5146823654914,575.7715454101562,2007700
2024-11-18 00:00:00-05:00,576.9066770566202,577.2558858227179,567.2156897374331,570.3878173828125,1848900
2024-11-19 00:00:00-05:00,562.3071674504388,567.2545284537242,558.2814381250952,563.9757080078125,2217400
2024-11-20 00:00:00-05:00,566.3523611996445,570.2034860404254,559.3581799328618,564.5092163085938,1528600
2024-11-21 00:00:00-05:00,568.9521208068704,582.7173283035319,567.0119932341654,578.2647094726562,2281900
2024-11-22 00:00:00-05:00,578.3713714478021,585.8602942673859,576.6446887882968,584.7350463867188,1733700
2024-11-25 00:00:00-05:00,590.5650562171672,592.9999255675878,580.9032596973972,584.9775390625,2940800
2024-11-26 00:00:00-05:00,582.1644191237199,589.013067490362,575.2478591830744,587.3736572265625,2846500
2024-11-27 00:00:00-05:00,589.4883074071092,593.9215056608966,585.2200626135563,587.3056640625,1424500
2024-11-29 00:00:00-05:00,591.0695222490862,594.3871235897924,588.8868788813601,590.3516845703125,1170200
2024-12-02 00:00:00-05:00,592.7206528188045,596.5323663627692,586.189015303598,586.5887451171875,1804100
2024-12-03 00:00:00-05:00,593.6565082800404,596.0546489920215,585.7015404270331,586.9494018554688,1718100
2024-12-04 00:00:00-05:00,587.8462921533876,589.0941536393175,581.7631161627563,583.6641235351562,1617300
2024-12-05 00:00:00-05:00,585.4384278338542,591.3168601633115,581.3634208343582,581.8021240234375,1672800
2024-12-06 00:00:00-05:00,582.1529902241502,584.9216455268858,579.4331259929206,584.6096801757812,1405700
2024-12-09 00:00:00-05:00,583.9370012169326,587.8462369563703,578.7994205367802,579.1893920898438,1633200
2024-12-10 00:00:00-05:00,575.1730763853852,581.2855279494285,569.0898994706051,570.3280029296875,2600800
2024-12-11 00:00:00-05:00,575.2899562936232,578.7897638071195,572.1509052185961,577.6686401367188,2195300
2024-12-12 00:00:00-05:00,577.6979051838252,581.3341491392082,573.8178843681659,576.7424926757812,1218400
2024-12-13 00:00:00-05:00,579.0724471941842,580.047316633905,570.3766284522405,570.7665405273438,1215000
2024-12-16 00:00:00-05:00,573.2232913555513,573.4865251726148,564.1570165047825,571.5952758789062,1713300
2024-12-17 00:00:00-05:00,566.2432052893641,566.9938143152748,557.9080237764297,560.2379760742188,2314100
2024-12-18 00:00:00-05:00,562.9773073244073,564.90752965155,530.8066178650706,536.421875,3271600
2024-12-19 00:00:00-05:00,547.3307834899255,552.7510560154208,539.6877797446881,540.0679931640625,2753300
2024-12-20 00:00:00-05:00,540.9940189980898,558.5026945765948,539.4732251372437,551.87353515625,4515900
2024-12-23 00:00:00-05:00,550.801321369682,557.2744697630862,547.6817267643157,556.4360961914062,1519500
2024-12-24 00:00:00-05:00,559.7700694940177,568.1441650390625,557.0014139794696,568.1441650390625,913400
2024-12-26 00:00:00-05:00,563.6208576939148,567.9492809033138,562.987168681885,566.6234130859375,1092000
2024-12-27 00:00:00-05:00,562.4997175357593,567.3350918140786,556.9916809032111,561.7003173828125,1486000
2024-12-30 00:00:00-05:00,553.0142034279968,561.5443109841716,550.8986939131235,559.1363525390625,1265900
2024-12-31 00:00:00-05:00,560.618239662766,562.4217245310399,556.0656155213526,558.2297973632812,1055800
2025-01-02 00:00:00-05:00,564.751650751671,569.6259982783124,555.4221424455219,560.5206909179688,2219000
2025-01-03 00:00:00-05:00,566.399218188609,567.5105837748371,557.3621582659013,565.5510864257812,1422600
2025-01-06 00:00:00-05:00,570.2791963462249,578.7313585714302,565.2488954192198,568.7291870117188,2257000
2025-01-07 00:00:00-05:00,572.3556494617585,573.4962896806727,554.115878190666,565.5413208007812,2021900
2025-01-08 00:00:00-05:00,566.4381741226831,566.5941865692744,558.2785208614881,565.44384765625,1513400
2025-01-10 00:00:00-05:00,561.7685708999634,561.7685708999634,543.9869600588456,545.9269409179688,2817900
2025-01-13 00:00:00-05:00,543.8602604041091,551.9614244476629,542.7684112057983,548.8028564453125,1871200
2025-01-14 00:00:00-05:00,555.3441754830778,559.1754652710143,550.9962952627938,557.167236328125,2221900
2025-01-15 00:00:00-05:00,582.9720423075827,594.095278673372,578.0976941277534,590.6929931640625,5119800
2025-01-16 00:00:00-05:00,594.6606575113457,601.3385495198871,590.7709375909817,597.5852661132812,3224500
2025-01-17 00:00:00-05:00,602.2743865752332,611.2431981938103,597.595024709419,610.2098388671875,3425200
2025-01-21 00:00:00-05:00,601.3092328707942,619.4612975654173,593.695504722306,618.7886352539062,5076700
2025-01-22 00:00:00-05:00,617.5213413663863,619.6270333157192,613.8850971546925,616.8291625976562,2835700
2025-01-23 00:00:00-05:00,618.9640973515873,629.3172061976171,618.544910626336,623.4290161132812,2582700
2025-01-24 00:00:00-05:00,614.1677858201797,624.5013787334545,613.1539429592981,620.8944091796875,3183500
2025-01-27 00:00:00-05:00,609.2934088048374,619.7342820785885,608.7670007201015,617.3653564453125,3351700
2025-01-28 00:00:00-05:00,616.3125438496991,623.0196511403518,615.9323304433784,621.7717895507812,2338000
2025-01-29 00:00:00-05:00,620.9919105292682,632.6903452645134,620.4167113075397,621.3623657226562,1918900
2025-01-30 00:00:00-05:00,628.2935312097691,633.1971525489816,624.8912467344963,629.47314453125,1812800
2025-01-31 00:00:00-05:00,633.6651810077358,633.6651810077358,621.4208223517003,624.3064575195312,1995100
2025-02-03 00:00:00-05:00,610.268357020486,622.434710337278,606.8367970587991,616.478271484375,2102600
2025-02-04 00:00:00-05:00,616.1175284312786,621.6450218756664,613.2806843464527,618.2427368164062,1743400
2025-02-05 00:00:00-05:00,621.9668236178107,630.1654510212828,619.5589241935917,629.2296142578125,1908200
2025-02-06 00:00:00-05:00,633.6651899487736,642.2927614267813,632.6318306344481,641.6785888671875,2439200
2025-02-07 00:00:00-05:00,642.8289744146267,647.1866125346837,636.7457387316255,639.4169311523438,2616700
2025-02-10 00:00:00-05:00,642.4585173052437,645.8412859115874,628.0596757414232,634.181884765625,2351600
2025-02-11 00:00:00-05:00,630.5262074263476,632.7293628075513,627.4260696438788,630.974609375,2711400
2025-02-12 00:00:00-05:00,627.5820009403034,634.123337226353,623.048833949609,632.6903076171875,2295800
2025-02-13 00:00:00-05:00,635.4491692992306,635.6148804451151,624.4136400016522,632.6415405273438,2031800
2025-02-14 00:00:00-05:00,633.9771767258645,646.5919911591202,633.9771767258645,643.9500732421875,2246000
2025-02-18 00:00:00-05:00,645.9387626123774,655.2974853515625,644.4082104652057,655.2974853515625,2350100
2025-02-19 00:00:00-05:00,652.2657524246944,654.1764587123846,646.6115207854212,651.359130859375,1953600
2025-02-20 00:00:00-05:00,651.2420323261689,653.4354884710613,615.7859775895289,626.11962890625,3929000
2025-02-21 00:00:00-05:00,628.5471323182921,631.2280235379513,607.762906704267,609.8783569335938,3000800
2025-02-24 00:00:00-05:00,617.5896301545653,621.2843644004647,599.3497990987757,610.4048461914062,3274100
2025-02-25 00:00:00-05:00,612.7347473721853,615.4546118210977,590.7709092641607,599.4569702148438,2885900
2025-02-26 00:00:00-05:00,601.1727250952391,607.4704031420116,599.7396955690775,602.2451171875,2001200
2025-02-27 00:00:00-05:00,602.0208754811105,609.517624140227,592.0479797705775,592.7206420898438,2396300
2025-02-28 00:00:00-05:00,595.4540268671313,610.9921713392113,591.7507783697217,609.6597290039062,3337200
2025-03-03 00:00:00-05:00,609.7674739063403,616.0179869338183,586.1761972088201,592.975341796875,3152300
2025-03-04 00:00:00-05:00,583.8837388007107,587.822166450767,556.0503855296666,569.344970703125,4061000
2025-03-05 00:00:00-05:00,570.2756503253182,585.0005631899545,565.0734270071978,581.0327758789062,2600600
2025-03-06 00:00:00-05:00,568.8060663331685,574.8018468109,553.1601707578232,556.1482543945312,4332300
2025-03-07 00:00:00-05:00,556.6382110803121,556.6382110803121,533.8502944090869,548.3107299804688,4069600
2025-03-10 00:00:00-04:00,531.2933248119698,535.3786726537843,512.51242090973,520.8692626953125,5272100
2025-03-11 00:00:00-04:00,521.6626688925106,529.0300579935627,513.560561998096,520.643798828125,4190500
2025-03-12 00:00:00-04:00,532.958757435423,533.9384610336499,517.8615512971461,524.8370361328125,3078100
2025-03-13 00:00:00-04:00,524.7977690256091,527.2176678196953,509.50461139426875,514.158203125,2529100
2025-03-14 00:00:00-04:00,523.151820962023,532.5373964916304,516.0098045393853,530.4212036132812,2808100
2025-03-17 00:00:00-04:00,530.2449319614321,545.8516022999823,529.0399157326538,540.1497802734375,2695600
2025-03-18 00:00:00-04:00,539.1210021444832,542.510797684695,535.5549269512073,540.580810546875,2641000
2025-03-19 00:00:00-04:00,537.8572610357228,551.5731110439198,533.5465414003166,546.0280151367188,2769800
2025-03-20 00:00:00-04:00,541.8739458365798,556.9026228358981,540.7962959769058,551.259521484375,2531300
2025-03-21 00:00:00-04:00,544.0588482913987,555.4919732194408,540.0224740104447,553.6697387695312,3565600
2025-03-24 00:00:00-04:00,563.3294642310401,570.8927459007283,561.4190306104647,568.325927734375,1877700
2025-03-25 00:00:00-04:00,572.8227950413855,574.9781545246923,566.4743360145101,574.0474243164062,1875500
2025-03-26 00:00:00-04:00,576.4477642645851,580.6115041941084,559.410705825363,562.2714233398438,1944200
2025-03-27 00:00:00-04:00,553.53248075725,554.5121842630151,541.3351601512039,547.5758666992188,2100900
2025-03-28 00:00:00-04:00,544.6662326826367,549.1238721385837,526.7964484448669,532.0966186523438,2773100
2025-03-31 00:00:00-04:00,522.9853353933047,536.2799192125203,517.8615051658468,535.2022094726562,2455100
2025-04-01 00:00:00-04:00,532.2239500245109,540.7571894153758,522.4171079863243,537.3184204101562,1869600
2025-04-02 00:00:00-04:00,528.8439407691011,555.8054003987199,528.1385829467794,551.6710205078125,2560700
2025-04-03 00:00:00-04:00,514.7656236419192,519.2330693906881,499.21773325201116,500.8538513183594,5193900
2025-04-04 00:00:00-04:00,477.11558222452345,482.01409949582245,450.6635889595088,461.2541809082031,8105200
2025-04-07 00:00:00-04:00,437.8294999241922,480.0351445802109,430.4621401697546,456.0617980957031,6353800
2025-04-08 00:00:00-04:00,478.34024343020695,481.93576850222865,443.63913161182774,452.83856201171875,4240900
2025-04-09 00:00:00-04:00,442.1990021806893,511.40527877881976,438.0352618841185,506.37939453125,7024100
2025-04-10 00:00:00-04:00,492.8888705462596,492.8888705462596,464.37949076640746,479.8587951660156,5374500
2025-04-11 00:00:00-04:00,477.11563566046016,488.40180995421696,468.8665184965113,484.4046325683594,3770200
2025-04-14 00:00:00-04:00,499.6487808198134,501.6081878034205,487.0595849705021,493.7509765625,4392600
2025-04-15 00:00:00-04:00,497.1113660691094,508.1232539513384,496.7096840386143,497.5816345214844,2501200
2025-04-16 00:00:00-04:00,491.53684201224866,499.1099608428617,482.6901205888435,488.9210205078125,2765600
2025-04-17 00:00:00-04:00,493.0260225160219,504.38081337583486,488.9896485297925,499.149169921875,2593500
2025-04-21 00:00:00-04:00,495.1421844272674,498.93363250638936,484.6397608309405,491.1841735839844,2859300
2025-04-22 00:00:00-04:00,499.87417886338756,510.42557587778464,498.6005462437857,509.4360656738281,2514600
2025-04-23 00:00:00-04:00,522.799159598251,540.5905480348376,517.5381568273726,518.5668334960938,3048100
2025-04-24 00:00:00-04:00,516.401700895124,535.7410985872054,512.7963991211245,534.3009033203125,2223600
2025-04-25 00:00:00-04:00,533.5465370371918,537.9454562685053,530.2351342071547,533.80126953125,1612700
2025-04-28 00:00:00-04:00,533.8012768149285,543.2456336519061,531.4597709138866,535.31005859375,1459700
2025-04-29 00:00:00-04:00,532.7529855056073,539.699110162535,530.3135331713527,537.7788696289062,1695600
2025-04-30 00:00:00-04:00,524.8859029184686,538.3666312639017,520.6633836581965,536.4365844726562,2438300
2025-05-01 00:00:00-04:00,536.9754913999764,547.0174527793138,534.4282860905905,542.5892333984375,2583000
2025-05-02 00:00:00-04:00,550.1818884231614,558.2154687925919,548.3400411259042,554.610107421875,2883000
2025-05-05 00:00:00-04:00,547.0272247155634,555.0608052691946,546.1846940677681,548.202880859375,2197200
2025-05-06 00:00:00-04:00,538.4450802365252,546.1259828507382,535.956654593358,538.2099609375,2902500
2025-05-07 00:00:00-04:00,539.0427017732138,544.107752289779,536.6228029554949,540.7179565429688,1954900
2025-05-08 00:00:00-04:00,547.4778971005973,560.5471078285182,546.8802923384939,554.21826171875,1994600
2025-05-09 00:00:00-04:00,558.6759337647446,560.4883613630184,554.2966877209578,555.58984375,1522500
2025-05-12 00:00:00-04:00,584.1580150739368,591.1236925672272,576.1440476661913,579.337890625,3527700
2025-05-13 00:00:00-04:00,581.2581154933266,595.3756774077259,581.0229962041985,591.5548095703125,2765800
2025-05-14 00:00:00-04:00,591.5450303112672,602.5177227498873,590.2714275720441,599.1867065429688,2874400
2025-05-15 00:00:00-04:00,597.3546607928137,606.6422916429715,597.3546607928137,603.3994750976562,2428100
2025-05-16 00:00:00-04:00,604.428142171412,608.1901704733003,601.106932648198,606.4659423828125,2021800
2025-05-19 00:00:00-04:00,596.8255730127611,606.8087539936057,586.1958140372361,599.8724365234375,2842100
2025-05-20 00:00:00-04:00,595.4147939857247,599.1376552755623,590.771009026622,594.2097778320312,1601600
2025-05-21 00:00:00-04:00,589.5856114881987,597.4918266750966,579.9845282168542,581.4149169921875,2635900
2025-05-22 00:00:00-04:00,580.5233039241739,589.9774667310387,580.4841373103926,586.0880126953125,1939600
2025-05-23 00:00:00-04:00,573.126559491944,589.7423527262966,570.6773006906964,586.3917236328125,1530600
2025-05-27 00:00:00-04:00,593.6024062553914,605.1334764044046,592.6716759214373,603.2328491210938,2364700
2025-05-28 00:00:00-04:00,604.7514258590072,606.0740017106843,594.9837505359403,596.0908203125,2001900
2025-05-29 00:00:00-04:00,596.1692447009442,597.6191868719618,586.1566429677683,592.58349609375,1736100
2025-05-30 00:00:00-04:00,590.7521143250611,594.2966029732465,584.6772302425206,591.1951904296875,2129500
2025-06-02 00:00:00-04:00,589.3737366952739,589.9349584799718,583.0428496842296,589.4918823242188,1221200
2025-06-03 00:00:00-04:00,590.7522082701457,596.9748054085885,584.5788284635075,594.523193359375,1730300
2025-06-04 00:00:00-04:00,596.1476845183231,596.984619478631,589.4918671517792,589.974365234375,1294900
2025-06-05 00:00:00-04:00,590.7521886847421,600.3223452961132,583.7616451564074,596.5415649414062,2086700
2025-06-06 00:00:00-04:00,603.5517900199766,611.8026333273136,600.5980292205313,604.536376953125,1675900
2025-06-09 00:00:00-04:00,605.274804410345,609.5577334416066,601.5924589729998,604.0637817382812,1610700
2025-06-10 00:00:00-04:00,603.5517716345892,607.0470431219096,599.9186435581671,605.3929443359375,1376400
2025-06-11 00:00:00-04:00,607.6673683961782,620.1322728731088,605.1173218409715,614.5496215820312,2063600
2025-06-12 00:00:00-04:00,611.428520586514,616.3613110198796,606.3086562213338,615.4751586914062,1634700
2025-06-13 00:00:00-04:00,606.5547578338828,610.5620337949908,600.1943648143176,604.0834350585938,1674800
2025-06-16 00:00:00-04:00,609.4592816700876,622.5247688611436,608.4746947853217,618.1728515625,1870400
2025-06-17 00:00:00-04:00,615.0715239893535,621.9340666798624,613.3977140349002,615.012451171875,1479300
2025-06-18 00:00:00-04:00,614.884376371027,630.0174722616828,614.0376460571571,625.448974609375,2423100
2025-06-20 00:00:00-04:00,628.9836714445967,632.7349451613767,626.8766410382121,630.9232788085938,4115400
2025-06-23 00:00:00-04:00,629.4070592303253,637.4412622491891,620.2996300013093,636.9096069335938,2020800
2025-06-24 00:00:00-04:00,644.3629366520652,653.5392941691196,643.1715648174388,651.9048461914062,2307800
2025-06-25 00:00:00-04:00,654.3564348170102,659.7913737777053,650.605161102465,659.5452270507812,1566400
2025-06-26 00:00:00-04:00,660.2837390309516,678.7053837111075,660.1754488819894,676.5687866210938,2849500
2025-06-27 00:00:00-04:00,680.3494884492108,683.500178272778,674.8259708455305,680.1624145507812,3650500
2025-06-30 00:00:00-04:00,703.2608953656261,703.2904017231556,692.1153645877839,696.8413696289062,3976400
2025-07-01 00:00:00-04:00,697.0875312677084,702.0203212947517,689.8114195907149,695.5712890625,3301000
2025-07-02 00:00:00-04:00,697.8752092036066,707.6521502805656,694.2125746418338,704.85595703125,2906500
2025-07-03 00:00:00-04:00,704.8756190515423,714.8101278484457,702.4043562789261,712.52587890625,1502000
2025-07-07 00:00:00-04:00,710.5763711184853,712.8113424964284,695.4531308982602,699.9723510742188,2863700
2025-07-08 00:00:00-04:00,699.7656282086818,700.2284153374733,683.0769270059292,686.5328369140625,3100700
2025-07-09 00:00:00-04:00,693.4839675097055,693.4839675097055,684.002390801527,685.8238525390625,1763400
2025-07-10 00:00:00-04:00,686.0010561469354,699.4308356713462,685.7155475844797,698.1902465820312,1733500
2025-07-11 00:00:00-04:00,692.7455099560763,695.1183378974417,689.437252364583,694.0845336914062,1681800
2025-07-14 00:00:00-04:00,693.87778542673,702.43384827679,691.3080279547069,702.3058471679688,1909300
2025-07-15 00:00:00-04:00,702.3058615298904,703.6744518171699,689.2502289184891,691.6821899414062,1981200
2025-07-16 00:00:00-04:00,697.5798224398959,698.8401225240623,680.6449156490067,697.8948974609375,3323200
2025-07-17 00:00:00-04:00,695.394097124897,706.3919164862083,693.4249232327309,694.9608764648438,2046100
2025-07-18 00:00:00-04:00,696.1620505287476,699.3422471656058,687.6256984488332,697.3435668945312,1925200
2025-07-21 00:00:00-04:00,698.210025744423,701.7742258061262,693.4938156476018,695.118408203125,2006500
2025-07-22 00:00:00-04:00,692.8144094605602,695.600807285779,681.2160067288611,689.614501953125,1978900
2025-07-23 00:00:00-04:00,691.1800074311951,707.9278403032882,690.6877139786087,706.4608154296875,2395700
2025-07-24 00:00:00-04:00,707.8491291273662,714.583730691047,703.7138516826093,708.0952758789062,1974700
2025-07-25 00:00:00-04:00,709.6508047885574,718.6400872473862,707.2779169035326,717.7440795898438,1851400
2025-07-28 00:00:00-04:00,716.7792668899069,721.2296189310298,711.039108406921,712.496337890625,1464800
2025-07-29 00:00:00-04:00,715.6469405391961,722.8147617792594,711.2852279278994,720.6978759765625,2136000
2025-07-30 00:00:00-04:00,719.8708196874762,726.5069252178761,712.0334869914376,719.48681640625,1816200
2025-07-31 00:00:00-04:00,715.3910165363516,722.726140808645,709.3357831107836,712.437255859375,2358100
2025-08-01 00:00:00-04:00,699.5588148272263,703.5070177244826,683.3524935862071,698.63330078125,2999100
2025-08-04 00:00:00-04:00,704.1765676196106,715.5878962142385,704.1765676196106,714.8396606445312,1753700
2025-08-05 00:00:00-04:00,716.7792705836714,718.1577162956371,703.5365646233728,709.7985229492188,1977300
2025-08-06 00:00:00-04:00,713.3331667809205,717.074584760337,710.8716996767765,713.5694580078125,1477100
2025-08-07 00:00:00-04:00,719.3588553816224,721.6431041352571,706.5493705659179,708.6465454101562,1400400
2025-08-08 00:00:00-04:00,714.6722353710325,716.7792657672387,707.5734022570327,710.1530151367188,1275400
2025-08-11 00:00:00-04:00,711.0686958339593,712.6834328285618,704.708242605611,708.154296875,1273500
2025-08-12 00:00:00-04:00,714.1012417090595,736.6088846408902,713.1855229755927,731.9222412109375,2418100
2025-08-13 00:00:00-04:00,734.2852623175571,737.3669640914466,721.3280647926376,733.2120361328125,1862600
2025-08-14 00:00:00-04:00,731.2723593977347,736.6285145805427,725.6405511298079,735.683349609375,1371200
2025-08-15 00:00:00-04:00,737.4556144461012,737.5048317739765,717.9410941796019,719.4573364257812,1645900
2025-08-18 00:00:00-04:00,718.2560851245681,720.3335488919205,712.7128565209204,719.693603515625,1157800
2025-08-19 00:00:00-04:00,717.9214079091541,718.7484874046986,706.6675860642712,710.2613525390625,1856400
2025-08-20 00:00:00-04:00,710.0840869396483,711.11789116961,694.6752778595776,709.5720825195312,1872700
2025-08-21 00:00:00-04:00,705.4959117102832,708.1345975256684,701.9809290865,704.9150390625,1162000
2025-08-22 00:00:00-04:00,709.0404348115559,733.3597436110731,707.5044816291872,730.4552001953125,1948600
2025-08-25 00:00:00-04:00,730.4552096316493,734.9941409420675,726.9500825756083,727.4029541015625,1381200
2025-08-26 00:00:00-04:00,726.3396249099626,737.6130968592502,722.548929281649,737.4063720703125,1511600
2025-08-27 00:00:00-04:00,734.4722508760722,741.3939255334765,733.53694140943,738.115234375,1534800
2025-08-28 00:00:00-04:00,739.4149216604194,741.7188814954629,735.4765739792225,739.641357421875,1411200
2025-08-29 00:00:00-04:00,739.1365589995496,741.3241055367608,731.4057738870052,737.6913452148438,1467000
2025-09-02 00:00:00-04:00,728.9212275115252,728.9212275115252,713.8456556987015,723.4373779296875,2296400
2025-09-03 00:00:00-04:00,721.1706144890813,724.5955433631999,714.9740965571174,723.1503295898438,1485600
2025-09-04 00:00:00-04:00,726.3079556866361,741.3141691147367,723.7541063671663,741.3043212890625,1778200
2025-09-05 00:00:00-04:00,744.5609678123635,749.6686062892219,719.7749560154416,730.7227783203125,1822800
2025-09-08 00:00:00-04:00,731.9204590466531,735.9986673547024,726.1298164954208,734.3258056640625,1400100
2025-09-09 00:00:00-04:00,732.623306634614,757.8547670650672,731.0494064754442,756.1719970703125,2611300
2025-09-10 00:00:00-04:00,754.1328653961489,766.6149547152107,753.9052174907355,761.7745971679688,1996200
2025-09-11 00:00:00-04:00,764.1700671446625,785.1253356186334,763.5266355382638,776.7709350585938,2075700
2025-09-12 00:00:00-04:00,775.5534279832335,779.0476543036837,768.3868686407516,772.1483154296875,1099400
2025-09-15 00:00:00-04:00,775.0090403693513,784.343390532711,773.5143456874947,778.7803955078125,1292000
2025-09-16 00:00:00-04:00,781.522296594048,781.9974089068652,771.7820712685065,777.5628662109375,1529500
2025-09-17 00:00:00-04:00,780.8590506236679,790.4705896545446,777.2658627079581,786.1646728515625,1945300
2025-09-18 00:00:00-04:00,787.500998210878,799.092252164196,784.3631666145668,796.15234375,1501600
2025-09-19 00:00:00-04:00,795.934583361706,801.4480367448667,789.2827092143505,796.8353271484375,3789800
2025-09-22 00:00:00-04:00,793.0144949672299,797.8549129040555,789.4509715247103,797.3896484375,1151000
2025-09-23 00:00:00-04:00,798.9140252661877,816.8799644335024,793.8657757960242,798.1419677734375,1758800
2025-09-24 00:00:00-04:00,801.3391789296372,804.5958489818199,784.3037689178786,784.392822265625,1402500
2025-09-25 00:00:00-04:00,778.0280566958198,790.084514751936,774.0785346242089,786.69921875,1413100
2025-09-26 00:00:00-04:00,789.0748918658308,801.2897617597498,787.0655122675448,794.3706665039062,1376200
2025-09-29 00:00:00-04:00,799.6069018644333,800.6363923635056,789.8964018970389,795.9642333984375,1059000
2025-09-30 00:00:00-04:00,797.330230709602,801.4084388502719,778.4734570758554,788.2730102539062,2463900
2025-10-01 00:00:00-04:00,785.5707601811681,788.2038151514331,775.286125524929,777.5430297851562,1788900
2025-10-02 00:00:00-04:00,780.8788669095619,782.977360184479,764.6056055783373,771.4752197265625,1553700
2025-10-03 00:00:00-04:00,775.0584649717315,786.857550101789,769.9705826430595,781.9676513671875,1470500
2025-10-06 00:00:00-04:00,786.9368159226084,794.3607481482934,772.13843226952,788.6987915039062,1632600
2025-10-07 00:00:00-04:00,789.9063387672514,797.1521034103881,773.4648190729778,781.6410522460938,1547200
2025-10-08 00:00:00-04:00,783.7197586096584,786.9367958252964,766.4863642929768,768.6343383789062,1939300
2025-10-09 00:00:00-04:00,770.9505286095654,774.9693478457046,763.526596984965,772.04931640625,1575000
2025-10-10 00:00:00-04:00,775.1772822691092,783.630644460281,756.2512097076212,756.6075439453125,2457900
2025-10-13 00:00:00-04:00,769.99041432535,783.0268216555226,769.99041432535,778.8001708984375,2766000
2025-10-14 00:00:00-04:00,756.6966281306313,778.5922726491231,734.9296699289606,762.942626953125,4710800
2025-10-15 00:00:00-04:00,770.7228759469515,774.5536198083014,754.924727797557,760.1412963867188,3217400
2025-10-16 00:00:00-04:00,762.8436411056194,773.5143351686562,744.77873967656,750.4011840820312,3160900
2025-10-17 00:00:00-04:00,750.4605492897394,751.242515029021,732.5045182684236,743.1553955078125,2884700
2025-10-20 00:00:00-04:00,749.3221570680545,758.6465981694845,745.243948840418,755.5780639648438,1925400
2025-10-21 00:00:00-04:00,751.3019209774118,757.5380117955826,750.5793442600891,751.2821044921875,1782200
2025-10-22 00:00:00-04:00,752.8955417479746,752.8955417479746,735.5730345046603,737.0479125976562,2141400
2025-10-23 00:00:00-04:00,741.7399468271728,747.3425144584327,737.107359928984,743.1653442382812,1615400
2025-10-24 00:00:00-04:00,752.1432587584587,776.6521421306636,748.3323312380431,775.9295654296875,2505600
2025-10-27 00:00:00-04:00,780.9975897761265,788.6294130686049,779.0277829615194,781.9775390625,1645300
2025-10-28 00:00:00-04:00,784.0167024787808,790.2627015379095,779.3643596608299,784.0563354492188,1242000
2025-10-29 00:00:00-04:00,780.0078190722977,792.3711313095428,770.920933201567,775.117919921875,2251500
2025-10-30 00:00:00-04:00,775.6128378679194,798.9536975710848,772.6828375494797,782.1458740234375,1829500
2025-10-31 00:00:00-04:00,777.0184022225524,783.6900328032232,775.0585035008789,781.3638916015625,1328100
2025-11-03 00:00:00-05:00,781.5618898012393,787.9266670603483,773.5143425016176,777.552978515625,1569100
2025-11-04 00:00:00-05:00,769.1193348686215,797.8252045097928,765.1599045732876,782.80908203125,2046000
2025-11-05 00:00:00-05:00,782.4230567632435,789.2728545525642,767.7137870826665,785.0462036132812,1832700
2025-11-06 00:00:00-05:00,785.9469096913283,790.1043235638498,769.1193310203553,779.592041015625,1572500
2025-11-07 00:00:00-05:00,775.0584731741906,779.0772924703011,755.0633382836648,778.3646240234375,2098400
2025-11-10 00:00:00-05:00,788.0058662587494,798.1815711141496,780.7996738291941,789.114501953125,1698200
2025-11-11 00:00:00-05:00,790.3814596337019,803.764353422864,787.5405732178239,802.0914916992188,1521500
2025-11-12 00:00:00-05:00,805.8727860713855,831.4803977743123,805.8727860713855,830.4608154296875,2954100
2025-11-13 00:00:00-05:00,824.6107330528209,832.7473935782169,796.8551489368201,797.3302612304688,2557400
2025-11-14 00:00:00-05:00,787.4811983739766,792.4898753928338,770.1092096482948,782.8882446289062,2552000
2025-11-17 00:00:00-05:00,781.9875161085326,788.6492385265285,762.6852926096511,767.6939697265625,1850600
2025-11-18 00:00:00-05:00,764.2294660255532,779.7108535876644,758.7654326704283,768.4264526367188,1673500
2025-11-19 00:00:00-05:00,768.4264656308959,779.8791256531501,767.1396627958807,778.0181884765625,1521100
2025-11-20 00:00:00-05:00,787.1842008958291,807.7237446475908,764.3580886659374,765.852783203125,2599000
2025-11-21 00:00:00-05:00,768.9510323254757,772.4551061880343,746.3525682818118,766.179443359375,2284700
2025-11-24 00:00:00-05:00,770.7427193951918,785.9370090581717,767.4959575380956,782.6903076171875,2319500
2025-11-25 00:00:00-05:00,788.916506475248,797.0927399103148,770.0993038499565,794.1825561523438,2252900
2025-11-26 00:00:00-05:00,797.6668085409577,811.2674411657797,796.8353016431121,807.733642578125,1862500
2025-11-28 00:00:00-05:00,811.6832082899759,822.1460100662814,810.6438699235587,817.6619262695312,868300
2025-12-01 00:00:00-05:00,810.2875656835731,816.3652454787048,801.3986032833234,802.6359252929688,2133200
2025-12-02 00:00:00-05:00,806.8736458634792,815.4087451244128,804.0684017507073,810.9422607421875,2254200
2025-12-03 00:00:00-05:00,808.6940890182235,833.5233805726734,808.6940890182235,832.1904296875,2347900
2025-12-04 00:00:00-05:00,831.1657364333125,839.5715109068564,830.131202927193,833.4437866210938,1670800
2025-12-05 00:00:00-05:00,832.8767632178467,851.7176104394313,832.1406470006258,850.086181640625,2277500
2025-12-08 00:00:00-05:00,856.5919479945819,866.002444893174,851.8170890809796,862.1527099609375,2238100
2025-12-09 00:00:00-05:00,861.4663379540585,879.0935414994099,859.7851829721512,871.990966796875,2274800
2025-12-10 00:00:00-05:00,866.7882986217422,892.5030055591475,864.7192315185519,884.5846557617188,2394300
2025-12-11 00:00:00-05:00,885.3207721527939,914.2883187583428,883.3511572446945,906.2606201171875,2683000
2025-12-12 00:00:00-05:00,908.9663645061288,910.1998631823126,882.3464479088005,883.3114013671875,2715200
2025-12-15 00:00:00-05:00,887.3302178250863,899.7349059644096,884.932861328125,884.932861328125,1976600
2025-12-16 00:00:00-05:00,885.5694354583045,891.5479815329278,869.7427544378107,874.5474853515625,2161600
2025-12-17 00:00:00-05:00,881.6898906109421,891.2793770131915,863.8935340007946,867.76318359375,2213300
2025-12-18 00:00:00-05:00,875.890426743916,888.1160645622505,870.1208029130325,871.71240234375,2066300
2025-12-19 00:00:00-05:00,878.5464065961062,895.0396238900029,877.3328226902636,888.8024291992188,4808300
2025-12-22 00:00:00-05:00,891.8265817606277,900.7396357488446,890.155384137837,894.2935791015625,1442300
2025-12-23 00:00:00-05:00,895.6364536256929,901.1773007871378,889.0213042072145,896.9893798828125,1210200
2025-12-24 00:00:00-05:00,896.4422087460688,907.1061188349288,893.9951262280264,906.0119018554688,771800
2025-12-26 00:00:00-05:00,906.230733339062,908.5385949623098,900.5705191950701,902.2914428710938,995300
2025-12-29 00:00:00-05:00,901.7045908744618,901.7344022471889,886.8925280073729,887.50927734375,1578000
2025-12-30 00:00:00-05:00,890.0558358451997,890.3343991290716,876.5668277615088,879.7898559570312,1833300
2025-12-31 00:00:00-05:00,879.4715305603999,881.3616079562624,872.1998023409884,874.3982543945312,1221500
2026-01-02 00:00:00-05:00,879.3720926211839,909.6527358862218,876.1391069865473,909.5532836914062,2817600
2026-01-05 00:00:00-05:00,909.6129594353993,956.6553650747156,907.8223342189048,943.4747314453125,3742000
2026-01-06 00:00:00-05:00,944.4396232408563,953.5517028210658,938.3118987800251,950.4678955078125,1966000
2026-01-07 00:00:00-05:00,951.8705216356584,953.2333445185499,929.1102987532748,936.0935668945312,2683300
2026-01-08 00:00:00-05:00,930.582534797213,940.2417226461324,927.1207727998783,929.9359741210938,1960800
2026-01-09 00:00:00-05:00,933.8553472396276,941.1867587740012,927.8171177696071,934.064208984375,1334100
2026-01-12 00:00:00-05:00,929.1103377184415,945.5836406352312,924.2459231986793,944.5789184570312,2179600
2026-01-13 00:00:00-05:00,942.360623931235,944.9669029227485,926.1260546561141,933.2386474609375,1969600
2026-01-14 00:00:00-05:00,927.4192343524101,933.2386450089649,913.0946572994995,927.7872924804688,2513000
2026-01-15 00:00:00-05:00,920.0579845001288,976.1229138549161,919.8291473103261,970.7511596679688,3773700
2026-01-16 00:00:00-05:00,967.9061580031429,979.5449183976932,951.9899210781169,956.9637451171875,3071600
2026-01-20 00:00:00-05:00,941.4255262081355,957.5605822907719,934.1836092442728,938.4312744140625,2629100
2026-01-21 00:00:00-05:00,939.0579724141925,963.84749426187,938.51086391661,948.0208129882812,2251300
2026-01-22 00:00:00-05:00,955.0338724255563,965.8668754534046,945.8322982089436,949.6522216796875,2468300
2026-01-23 00:00:00-05:00,929.1899567211183,932.2836607950206,912.2490823893633,914.0695190429688,3872600
2026-01-26 00:00:00-05:00,913.601907725483,928.851669017591,913.174166149946,926.9815063476562,2655900
2026-01-27 00:00:00-05:00,919.162696523467,928.5135101466446,915.5716100839081,924.8527221679688,2012500
2026-01-28 00:00:00-05:00,927.6281630148297,932.2637404161344,917.9292059047953,931.9056396484375,1674100
2026-01-29 00:00:00-05:00,932.3930591278786,950.3784241796568,920.2867881976362,935.1983032226562,2335400
2026-01-30 00:00:00-05:00,929.06062166473,942.0422905048018,918.3370276937301,930.512939453125,1893700
2026-02-02 00:00:00-05:00,927.2501211047988,944.4694974240364,907.3050989385857,941.3757934570312,1802000
2026-02-03 00:00:00-05:00,944.5292068361143,959.4506792979803,914.2485629582093,934.07421875,2321900
2026-02-04 00:00:00-05:00,932.2139815030331,939.2171038147529,889.1207632205649,908.5186767578125,3561900
2026-02-05 00:00:00-05:00,896.9495351708357,906.0616144851566,872.1301419607223,885.7484741210938,3214300
2026-02-06 00:00:00-05:00,903.1171232906197,926.8920265383226,902.4804592404039,923.8878173828125,2473200
2026-02-09 00:00:00-05:00,924.13647549493,944.0317709845947,922.2563554994069,938.679931640625,2322600
2026-02-10 00:00:00-05:00,940.7490962073659,956.7946575053014,925.0616356705164,944.0218505859375,3324900
2026-02-11 00:00:00-05:00,945.6632122829654,963.0616387040892,926.4045805662264,939.6448974609375,2654300
2026-02-12 00:00:00-05:00,951.1642697890875,963.3203275747186,899.2474909216053,899.8145141601562,3188700
2026-02-13 00:00:00-05:00,889.7275606014595,901.246954018828,864.4506136759369,900.4014282226562,2623000
2026-02-17 00:00:00-05:00,902.9778306874582,916.7254874821182,900.9385749946201,911.2443237304688,2008500
2026-02-18 00:00:00-05:00,916.7553797076476,942.7386319457272,915.1637195664599,928.8417358398438,1864900
2026-02-19 00:00:00-05:00,920.157458247533,924.7930355925855,901.7443517198849,911.8511962890625,1974200
2026-02-20 00:00:00-05:00,907.7725920429826,917.5411895136228,895.8553293524825,917.411865234375,2009100
2026-02-23 00:00:00-05:00,913.6915043954327,927.12082971861,879.1234262487357,887.6386108398438,2535900
2026-02-24 00:00:00-05:00,880.8045393144852,906.9967132720843,877.0344026127526,897.5464477539062,1971500
2026-02-25 00:00:00-05:00,909.9312289141567,917.680485565874,902.7689709250694,916.556396484375,1763600
2026-02-26 00:00:00-05:00,922.9029760046975,933.4773304045714,916.7155075412168,924.136474609375,2220300
2026-02-27 00:00:00-05:00,907.2255197772948,911.453270280643,849.6783989767948,855.0700073242188,5552300
2026-03-02 00:00:00-05:00,840.0,873.6300048828125,836.0,861.7000122070312,2873200
2026-03-03 00:00:00-05:00,836.0,868.3400268554688,824.6400146484375,862.5800170898438,3782100
2026-03-04 00:00:00-05:00,869.8400268554688,878.7999877929688,860.0,867.25,2081700
2026-03-05 00:00:00-05:00,862.010009765625,866.52001953125,822.2000122070312,835.4600219726562,3093700
2026-03-06 00:00:00-05:00,816.0,827.1599731445312,801.3300170898438,821.4199829101562,2473000
2026-03-09 00:00:00-04:00,810.0,836.6799926757812,795.0,832.030029296875,3258200
2026-03-10 00:00:00-04:00,834.6799926757812,846.0900268554688,826.3499755859375,833.8099975585938,1871900
2026-03-11 00:00:00-04:00,829.9500122070312,832.7999877929688,810.5399780273438,823.760009765625,2227000
2026-03-12 00:00:00-04:00,805.3200073242188,807.2100219726562,784.0999755859375,787.52001953125,3533000
2026-03-13 00:00:00-04:00,789.3599853515625,798.0,780.5,782.2100219726562,2567400
2026-03-16 00:00:00-04:00,792.0,805.4600219726562,790.0,794.77001953125,2082700
2026-03-17 00:00:00-04:00,806.2999877929688,820.4400024414062,803.469970703125,807.0399780273438,1955600
2026-03-18 00:00:00-04:00,801.0,816.1900024414062,801.0,805.47998046875,1541300
2026-03-19 00:00:00-04:00,792.9299926757812,816.1799926757812,790.5900268554688,809.5,1765900
2026-03-20 00:00:00-04:00,807.0,827.22998046875,804.9299926757812,813.530029296875,3918400
2026-03-23 00:00:00-04:00,833.0,849.530029296875,829.0,831.27001953125,2190300
2026-03-24 00:00:00-04:00,824.9299926757812,844.5,818.0,835.719970703125,1656100
2026-03-25 00:00:00-04:00,845.010009765625,854.75,833.9000244140625,841.8400268554688,1628900
2026-03-26 00:00:00-04:00,833.7899780273438,844.7999877929688,816.1099853515625,822.6400146484375,2052200
2026-03-27 00:00:00-04:00,813.6699829101562,817.0999755859375,797.780029296875,802.8900146484375,2106800
2026-03-30 00:00:00-04:00,811.1199951171875,818.6300048828125,801.8800048828125,807.5999755859375,1621400
2026-03-31 00:00:00-04:00,823.9000244140625,848.5,810.0,845.989990234375,2689800
2026-04-01 00:00:00-04:00,859.9500122070312,870.2000122070312,850.1500244140625,860.2100219726562,1803600
2026-04-02 00:00:00-04:00,838.3900146484375,867.2999877929688,831.0,863.0399780273438,1717700
2026-04-06 00:00:00-04:00,863.0,873.2100219726562,859.77001953125,866.0499877929688,1444500
2026-04-07 00:00:00-04:00,858.0,867.969970703125,850.0,864.1500244140625,1498400
2026-04-08 00:00:00-04:00,903.010009765625,918.0,893.5999755859375,905.75,2077721
