,Date,Open,High,Low,Close,Volume
0,2024-05-07 00:00:00-04:00,257.6678832104708,258.2690238541897,254.75760422601041,255.24424743652344,3160000
1,2024-05-08 00:00:00-04:00,255.2443011839216,256.60877774925956,253.87027345734262,256.1889343261719,3259800
2,2024-05-09 00:00:00-04:00,256.16025911653577,256.1793614352261,254.78623166268778,255.67364501953125,3140000
3,2024-05-10 00:00:00-04:00,255.88359975433823,262.76325995251534,255.56870264913886,262.4006652832031,4983500
4,2024-05-13 00:00:00-04:00,262.7632370455269,264.06091351794595,258.71750554988,258.8892517089844,3840700
5,2024-05-14 00:00:00-04:00,259.65262238387277,260.27283634383184,256.39885048510433,258.259521484375,3143200
6,2024-05-15 00:00:00-04:00,258.6888303327877,261.79947973232714,257.84917280792695,261.3223876953125,2982500
7,2024-05-16 00:00:00-04:00,261.93309648950816,262.9349781845447,260.41594720760673,260.9789123535156,2339900
8,2024-05-17 00:00:00-04:00,261.503718260391,261.503718260391,258.507595028934,259.90069580078125,2454500
9,2024-05-20 00:00:00-04:00,259.2899778445212,259.66212362058155,255.03432491476093,255.5972900390625,2651100
10,2024-05-21 00:00:00-04:00,256.207994449795,256.7518572824684,253.27864213190253,253.68893432617188,2362600
11,2024-05-22 00:00:00-04:00,253.68893009629497,254.59541666795172,252.42940005548414,253.593505859375,1906100
12,2024-05-23 00:00:00-04:00,252.9828386812393,253.45037957866833,245.79783347107914,246.11270141601562,5636200
13,2024-05-24 00:00:00-04:00,246.8855950128775,248.52679289810393,245.72148919754957,246.28445434570312,3382900
14,2024-05-28 00:00:00-04:00,245.59748824141604,246.95241351525175,241.0746352765023,241.92385864257812,4324700
15,2024-05-29 00:00:00-04:00,241.75211607460236,242.17195946358126,237.74454523745996,237.94491577148438,4029300
16,2024-05-30 00:00:00-04:00,239.12810959855403,241.37044835482928,238.64148088450307,240.52122497558594,3597800
17,2024-05-31 00:00:00-04:00,242.54407042421423,247.37223987387938,241.8952176338317,247.02874755859375,6125400
18,2024-06-03 00:00:00-04:00,247.7105989234739,249.65058365627706,245.47292829311388,249.45849609375,4342800
19,2024-06-04 00:00:00-04:00,249.06472012478187,252.66614186325927,248.97828952007183,252.31080627441406,4592700
20,2024-06-05 00:00:00-04:00,251.13913138581432,251.36961298811647,248.411658294278,249.68894958496094,4136800
21,2024-06-06 00:00:00-04:00,250.57248900354722,251.4176272149098,248.67092802798138,250.3900146484375,3354300
22,2024-06-07 00:00:00-04:00,249.76580979727274,251.04310115685385,245.22320591724343,246.05873107910156,2290100
23,2024-06-10 00:00:00-04:00,245.85706264129456,245.85706264129456,243.1199761994191,243.7538299560547,2866200
24,2024-06-11 00:00:00-04:00,242.98551461605305,244.59895914948467,242.1115807585925,244.2052001953125,2729400
25,2024-06-12 00:00:00-04:00,244.78143827803106,246.15477340514596,243.36967977920486,244.39727783203125,3169600
26,2024-06-13 00:00:00-04:00,243.54255106413268,244.64699590607043,241.22803373923801,243.648193359375,3153000
27,2024-06-14 00:00:00-04:00,242.84150000438177,243.5713829656633,240.68064667174326,243.53297424316406,2806600
28,2024-06-17 00:00:00-04:00,242.3036781196054,244.4357211425935,241.90032060907032,243.46572875976562,2532900
29,2024-06-18 00:00:00-04:00,243.88828679547368,244.2724472552276,239.4705514149772,240.85348510742188,2956300
30,2024-06-20 00:00:00-04:00,240.35410998354595,245.55936356475846,239.6242124022252,243.74424743652344,4046500
31,2024-06-21 00:00:00-04:00,248.04671115794432,251.10070964200006,245.4825007361743,249.1127471923828,8425800
32,2024-06-24 00:00:00-04:00,248.73819445128134,251.01428829802873,247.5857277729167,250.0635223388672,3901200
33,2024-06-25 00:00:00-04:00,249.82340010303471,249.82340010303471,245.46327112944644,247.18235778808594,3903800
34,2024-06-26 00:00:00-04:00,246.4813073464703,247.94110243770174,244.58935921516078,247.6145477294922,2796100
35,2024-06-27 00:00:00-04:00,247.77782372101188,248.57492552951436,246.7886343567891,247.94110107421875,2651000
36,2024-06-28 00:00:00-04:00,247.33607766343553,249.20879959627158,242.84149520026662,244.7430419921875,8958700
37,2024-07-01 00:00:00-04:00,244.7334214044948,245.22320949717866,239.82588334475136,240.08518981933594,3817600
38,2024-07-02 00:00:00-04:00,239.78746714213887,241.0839848996061,237.6074169499087,237.97235107421875,3944900
39,2024-07-03 00:00:00-04:00,238.65421887207032,241.03595506185667,238.34689050991835,240.09478759765625,2026100
40,2024-07-05 00:00:00-04:00,241.0551709544701,241.45852844616604,238.95193823373748,241.1416015625,2814300
41,2024-07-08 00:00:00-04:00,241.7850549439033,242.57257289856886,237.27127576864973,238.0299835205078,3163900
42,2024-07-09 00:00:00-04:00,237.43453730634673,237.59780000619702,233.88113732000792,236.08041381835938,4927300
43,2024-07-10 00:00:00-04:00,237.21367037373585,240.6326180959851,236.15724735653563,240.56539916992188,4092700
44,2024-07-11 00:00:00-04:00,241.26646110517166,245.5209338796885,239.969943337944,244.70462036132812,5546400
45,2024-07-12 00:00:00-04:00,244.17640957499555,246.74063491344668,241.83308200175344,243.84027099609375,4543000
46,2024-07-15 00:00:00-04:00,243.59057916046223,245.59776816698766,241.23765305653623,241.56417846679688,3393600
47,2024-07-16 00:00:00-04:00,241.05516965565442,247.11515982303922,240.19083427156642,247.0767364501953,4173000
48,2024-07-17 00:00:00-04:00,248.70939750073413,251.6673524804142,247.6433613701827,250.65896606445312,3711500
49,2024-07-18 00:00:00-04:00,247.80662383173384,251.93624233552913,247.39366784304332,249.23757934570312,3421800
50,2024-07-19 00:00:00-04:00,250.07314391982774,250.12115115452215,244.92549637402655,247.0863494873047,3470600
51,2024-07-22 00:00:00-04:00,248.0659305653126,249.49691547380257,246.24121598430543,249.25682067871094,2759500
52,2024-07-23 00:00:00-04:00,249.39123834801998,249.8330338373293,243.4657010430361,243.98431396484375,2653100
53,2024-07-24 00:00:00-04:00,236.56060681038178,244.25323877182387,236.36851925087421,243.33126831054688,5983300
54,2024-07-25 00:00:00-04:00,244.11881007538292,245.943524834836,241.15124163485373,241.49697875976562,3323100
55,2024-07-26 00:00:00-04:00,242.87988408974422,243.9843289180398,240.81507475413972,242.0155487060547,4002900
56,2024-07-29 00:00:00-04:00,243.50416782066614,253.47289471856726,240.31570159738877,251.06236267089844,9381000
57,2024-07-30 00:00:00-04:00,250.65894298811574,256.77655311422177,249.99627907002338,255.88340759277344,4936600
58,2024-07-31 00:00:00-04:00,254.90388515676824,257.0647385686715,252.77184195135237,254.88465881347656,4652100
59,2024-08-01 00:00:00-04:00,256.2484037545947,258.12112574528817,252.00351448714733,258.1019287109375,4936000
60,2024-08-02 00:00:00-04:00,258.72615280589156,265.84256625507595,258.14991941933,265.7273254394531,9585900
61,2024-08-05 00:00:00-04:00,263.18229740317634,266.8605364693051,257.07427107209884,257.81378173828125,6794900
62,2024-08-06 00:00:00-04:00,259.16792829727285,262.375620758463,257.4584544180645,259.3600158691406,3369300
63,2024-08-07 00:00:00-04:00,258.87983158223415,262.3180057537516,257.93864935420635,258.6973571777344,3540000
64,2024-08-08 00:00:00-04:00,258.27478497853446,262.8077762163143,257.4584567533647,260.44525146484375,3227200
65,2024-08-09 00:00:00-04:00,260.9350109801161,260.9350109801161,256.3827941549861,257.295166015625,2664900
66,2024-08-12 00:00:00-04:00,256.86302447041203,258.8510165401121,254.81741199073073,258.7837829589844,3008100
67,2024-08-13 00:00:00-04:00,259.6000671386719,261.2231101308516,256.9398276343349,259.6000671386719,2603600
68,2024-08-14 00:00:00-04:00,259.1679627577162,260.7526121652079,257.86186088238406,260.4068603515625,2242100
69,2024-08-15 00:00:00-04:00,261.2231474840512,264.83418272503405,261.07909646293706,263.97943115234375,2445200
70,2024-08-16 00:00:00-04:00,263.8641848281092,268.42598602167976,263.81617759155574,267.45599365234375,3286000
71,2024-08-19 00:00:00-04:00,271.143832602657,276.8965236425735,270.5580153890406,276.1570129394531,5268800
72,2024-08-20 00:00:00-04:00,275.14863555026943,278.7692545141484,273.9097381995419,274.3131103515625,3697600
73,2024-08-21 00:00:00-04:00,275.7728769450557,278.48115327915264,274.92773857341297,278.2314453125,2686300
74,2024-08-22 00:00:00-04:00,278.0777766211032,278.99014855490225,276.1570182833758,277.7512512207031,1746400
75,2024-08-23 00:00:00-04:00,278.87492208096717,279.25906790657234,275.75368962169745,278.0489807128906,2145900
76,2024-08-26 00:00:00-04:00,277.78967168971275,280.6323857934656,276.46434376118486,277.24224853515625,2018500
77,2024-08-27 00:00:00-04:00,277.62640628960173,278.79807008614773,276.64683005646873,278.16424560546875,2897600
78,2024-08-28 00:00:00-04:00,278.4619726104847,279.4319357140074,273.95779162617947,275.6768493652344,2603800
79,2024-08-29 00:00:00-04:00,276.3779249913608,277.6552164315872,273.4967873914891,276.4547424316406,1797100
80,2024-08-30 00:00:00-04:00,276.1666300364978,277.4343375669192,274.9469590493409,277.2230529785156,2528500
81,2024-09-03 00:00:00-04:00,276.61447934879794,278.4015253792963,274.0546709975942,275.8030700683594,2902800
82,2024-09-04 00:00:00-04:00,276.7979880371843,279.13564246522714,276.2570485706767,278.2276306152344,2558300
83,2024-09-05 00:00:00-04:00,279.1646537626742,279.69592418412,276.49857358757976,278.1697082519531,2412500
84,2024-09-06 00:00:00-04:00,278.0248303447615,282.24610447493296,277.7833384198867,279.6573181152344,3863600
85,2024-09-09 00:00:00-04:00,280.1595803814725,281.8113767147034,278.00546203231795,281.376708984375,3208600
86,2024-09-10 00:00:00-04:00,282.8449898166199,286.14861220385296,281.1352376608815,281.3573913574219,2497100
87,2024-09-11 00:00:00-04:00,280.93237075241626,281.52162637331725,276.10253229484357,280.3528137207031,2747500
88,2024-09-12 00:00:00-04:00,280.29483246505293,282.7290602133204,278.44983080497644,282.400634765625,2274200
89,2024-09-13 00:00:00-04:00,284.4677724493489,286.6411994222034,282.6614178596594,286.4383544921875,2205500
90,2024-09-16 00:00:00-04:00,287.29809297702656,289.89651866792354,284.99908540108146,286.5929260253906,2916200
91,2024-09-17 00:00:00-04:00,286.8923855136303,287.26912703846364,282.2267748411856,283.75299072265625,2997400
92,2024-09-18 00:00:00-04:00,283.87856820533415,285.0570498780838,280.4880124339414,282.0915222167969,1788200
93,2024-09-19 00:00:00-04:00,284.2359599930501,285.0377001125038,280.9999627090557,283.8495788574219,2271400
94,2024-09-20 00:00:00-04:00,282.9705507833735,287.9066310638939,282.8642790184176,286.7281494140625,5817300
95,2024-09-23 00:00:00-04:00,288.82430748689893,290.00278911801183,286.78613003548577,288.88226318359375,2312400
96,2024-09-24 00:00:00-04:00,288.8822738605823,291.190950620554,287.56857204829134,290.05108642578125,2408100
97,2024-09-25 00:00:00-04:00,290.1090130922334,291.52898652961755,288.2447028485694,290.2442626953125,1986200
98,2024-09-26 00:00:00-04:00,290.9011514355107,293.9343040015666,290.5051011621662,293.3160705566406,1971100
99,2024-09-27 00:00:00-04:00,293.1904478456129,296.5133784363242,293.1904478456129,293.35467529296875,3402800
100,2024-09-30 00:00:00-04:00,293.412644775843,294.64908206684987,291.818804206192,294.14678955078125,2286500
101,2024-10-01 00:00:00-04:00,294.1468135777778,294.84231145321684,291.96371729228974,292.66888427734375,3036200
102,2024-10-02 00:00:00-04:00,290.3505635357712,293.7314505467927,289.38459581833644,293.42236328125,2352400
103,2024-10-03 00:00:00-04:00,293.17118087786434,293.6734734418897,291.0074227817635,293.1228942871094,1802500
104,2024-10-04 00:00:00-04:00,292.73650497699475,295.4798792360252,291.12335539711614,293.42236328125,2432400
105,2024-10-07 00:00:00-04:00,293.42232789883104,294.7360296862114,289.7902802859695,290.6113586425781,2091800
106,2024-10-08 00:00:00-04:00,292.3404464159022,293.02627515262805,290.13801200462956,291.6256103515625,2038300
107,2024-10-09 00:00:00-04:00,292.63026377413723,294.629824031676,291.6836047950669,293.4899597167969,1854100
108,2024-10-10 00:00:00-04:00,293.6831714654717,295.3446371611226,292.62060105331193,293.6928405761719,1739500
109,2024-10-11 00:00:00-04:00,294.0598877270362,295.1031198280115,292.65922282987214,294.6587829589844,1775600
110,2024-10-14 00:00:00-04:00,294.76501956457275,299.85568789590343,294.1371464941277,299.29541015625,2376300
111,2024-10-15 00:00:00-04:00,301.38190693472865,304.62754409026286,300.425608394079,302.6763000488281,3067100
112,2024-10-16 00:00:00-04:00,302.6569499592429,303.05300017929073,299.55617300011,302.27056884765625,1821300
113,2024-10-17 00:00:00-04:00,303.29455333656114,304.32811638610406,301.8456017661229,303.99005126953125,3095200
114,2024-10-18 00:00:00-04:00,304.83041411964473,306.3856078644645,303.5360210242377,305.7867126464844,2531200
115,2024-10-21 00:00:00-04:00,306.3373114699887,307.081095913838,303.7098784036878,304.1735534667969,2404100
116,2024-10-22 00:00:00-04:00,303.4007602233603,304.99460086901627,302.6376375645463,303.9803466796875,5889100
117,2024-10-23 00:00:00-04:00,282.80633605117373,291.3358468417464,280.93235646661043,288.4089660644531,18792000
118,2024-10-24 00:00:00-04:00,288.9402257448195,292.09895868468595,288.128816492824,291.3164978027344,5522600
119,2024-10-25 00:00:00-04:00,290.7563089758667,291.3358955540102,282.2558040930884,282.6518249511719,8863200
120,2024-10-28 00:00:00-04:00,289.0174994666756,289.7129972739303,286.448022275401,286.68951416015625,6656000
121,2024-10-29 00:00:00-04:00,287.4720017247186,292.3984430329085,284.9604797363281,284.9604797363281,9048900
122,2024-10-30 00:00:00-04:00,284.47747114454637,285.31785827814775,279.9760583862401,281.598876953125,4924000
123,2024-10-31 00:00:00-04:00,282.3040423439123,284.36155813049993,281.26081026511764,282.1687927246094,4277400
124,2024-11-01 00:00:00-04:00,284.4871094528044,286.7764478044703,283.2989587669444,285.16326904296875,4131800
125,2024-11-04 00:00:00-05:00,284.7093000316312,284.92181409700345,281.86935273938064,282.8836364746094,2583100
126,2024-11-05 00:00:00-05:00,283.75299599736496,287.2594632687968,282.6034921403668,287.2015075683594,3032100
127,2024-11-06 00:00:00-05:00,290.0607517081769,290.10903829690636,282.758038961167,283.9944763183594,4646400
128,2024-11-07 00:00:00-05:00,284.80588613753145,286.448042863491,283.81094067998896,284.63201904296875,3357400
129,2024-11-08 00:00:00-05:00,285.5400730350833,291.55803325606877,285.2019784265007,288.7953796386719,3279100
130,2024-11-11 00:00:00-05:00,290.2636044024104,293.4706240166694,289.8095984360605,291.2682189941406,2872400
131,2024-11-12 00:00:00-05:00,289.9255791052538,291.1426784433027,287.39471879887384,288.48626708984375,2452900
132,2024-11-13 00:00:00-05:00,288.7276760460789,288.9498591805843,285.17292276792097,287.2304382324219,2327100
133,2024-11-14 00:00:00-05:00,287.85835248007453,289.89653002053717,286.4963345902568,288.3992919921875,1932600
134,2024-11-15 00:00:00-05:00,287.5879148042889,289.30733619080394,279.8601729360871,282.671142578125,4039400
135,2024-11-18 00:00:00-05:00,283.0382086540371,285.38550311863816,280.8937591547855,281.1932067871094,2865000
136,2024-11-19 00:00:00-05:00,280.1306179166403,282.1301780229347,277.81230145726676,280.8357849121094,2353300
137,2024-11-20 00:00:00-05:00,280.72950469108565,281.4056938159198,278.44983526037356,281.0096435546875,2524600
138,2024-11-21 00:00:00-05:00,275.3007706357573,278.77825995011267,273.8131722525901,278.6526794433594,4475700
139,2024-11-22 00:00:00-05:00,278.65269341451346,280.7102092569586,278.33393705592044,280.4010925292969,2879100
140,2024-11-25 00:00:00-05:00,281.8403649364494,286.5156447305555,281.8403649364494,286.1099548339844,5021800
141,2024-11-26 00:00:00-05:00,286.8923895131904,287.16285927363907,284.7962267604684,286.24517822265625,2254200
142,2024-11-27 00:00:00-05:00,286.8923905757892,289.30730968838003,284.94114654525333,285.0377197265625,2240300
143,2024-11-29 00:00:00-05:00,284.14901979949883,286.9406507071564,284.0137701917487,285.9360656738281,1655900
144,2024-12-02 00:00:00-05:00,285.2169724233549,285.92638136153647,282.72922198698933,284.1868896484375,3149900
145,2024-12-03 00:00:00-05:00,284.0702813342783,286.5288796067295,282.0975722829149,286.1887512207031,3031000
146,2024-12-04 00:00:00-05:00,284.03142025200196,287.68531692078597,283.58441044347836,286.7621154785156,3742500
147,2024-12-05 00:00:00-05:00,287.19938134368545,291.2808326125156,286.6065811299696,291.0184631347656,2594800
148,2024-12-06 00:00:00-05:00,292.07769408426867,295.2262464006072,290.18271446791164,290.54229736328125,4158700
149,2024-12-09 00:00:00-05:00,289.18178938298445,294.07956058834776,288.705627479797,292.8648376464844,2391600
150,2024-12-10 00:00:00-05:00,291.6598617900808,294.27394811104654,287.4909240666475,292.2234802246094,3523000
151,2024-12-11 00:00:00-05:00,292.83573171233553,293.37992530369684,287.6172858752618,287.7436218261719,3037600
152,2024-12-12 00:00:00-05:00,287.84077887296945,290.1244344270277,286.76208940920446,288.2586364746094,2040700
153,2024-12-13 00:00:00-05:00,287.92824324261073,290.7561220711122,287.0924983601609,288.2294921875,2547600
154,2024-12-16 00:00:00-05:00,288.7930946262314,293.5936822420716,288.78339700863756,289.3081359863281,3179900
155,2024-12-17 00:00:00-05:00,289.220698734258,291.53353619978833,286.49973092559,287.7241516113281,3295800
156,2024-12-18 00:00:00-05:00,286.69404548832074,290.5423092054984,282.46683328254016,282.6708984375,3800900
157,2024-12-19 00:00:00-05:00,282.6709567834275,284.5950593828466,280.6982474614368,282.039306640625,3438500
158,2024-12-20 00:00:00-05:00,281.3492815698934,287.74360027393885,281.1354891281342,284.42010498046875,7678000
159,2024-12-23 00:00:00-05:00,284.0119621634203,284.8282524534457,281.55336401940673,283.0693359375,2492200
160,2024-12-24 00:00:00-05:00,283.0596041395157,285.965211993368,282.5834422253586,285.693115234375,1461000
161,2024-12-26 00:00:00-05:00,284.73109623327355,287.10223811024787,284.34239077036364,286.48028564453125,1433900
162,2024-12-27 00:00:00-05:00,285.0614603745396,288.11285865794997,284.478387427662,285.33355712890625,1617200
163,2024-12-30 00:00:00-05:00,283.24428406059155,283.24428406059155,280.8439899498536,281.42706298828125,1936700
164,2024-12-31 00:00:00-05:00,281.89344238433495,283.0207087957631,280.4357749024345,281.7088317871094,1915600
165,2025-01-02 00:00:00-05:00,282.7389413769525,287.4131931751439,282.05868462471653,284.2549133300781,3117000
166,2025-01-03 00:00:00-05:00,284.56583582036114,286.6357284118748,282.4959728851686,286.4608154296875,2240100
167,2025-01-06 00:00:00-05:00,285.003196898925,287.2577301333201,283.50664970722687,283.9342346191406,2838900
168,2025-01-07 00:00:00-05:00,285.4890452116677,286.6065843936091,280.14426423546587,281.1743469238281,3419500
169,2025-01-08 00:00:00-05:00,280.81484184013556,280.98005723833694,278.463124758468,278.8032531738281,2724200
170,2025-01-10 00:00:00-05:00,279.3863370733609,279.64870660929074,273.82776250255256,274.3428039550781,3946000
171,2025-01-13 00:00:00-05:00,274.95498931460224,276.47096128163713,272.4380867583543,275.6255187988281,3394300
172,2025-01-14 00:00:00-05:00,276.97628204364713,277.2969855384164,271.4954670286845,273.63336181640625,2238900
173,2025-01-15 00:00:00-05:00,276.3057166154087,276.6166927952566,272.69070007955935,274.3330078125,2867800
174,2025-01-16 00:00:00-05:00,272.3311650713151,273.0211490770882,268.7258755674115,271.84527587890625,3403700
175,2025-01-17 00:00:00-05:00,273.05030084689,276.0627901104036,272.0979473548718,273.0211486816406,3312800
176,2025-01-21 00:00:00-05:00,272.83651104219666,274.91610138142175,270.8638020911404,274.63427734375,3858600
177,2025-01-22 00:00:00-05:00,275.30480110707805,275.5283208090619,272.48664975767946,273.40985107421875,3660600
178,2025-01-23 00:00:00-05:00,272.82675606172484,276.9568138115461,272.7295723010533,276.40289306640625,2279400
179,2025-01-24 00:00:00-05:00,276.48066747387213,278.7546252510321,275.285369428716,277.4038391113281,2523000
180,2025-01-27 00:00:00-05:00,278.52140744534574,285.14894359485913,277.7439965475243,284.81854248046875,4343000
181,2025-01-28 00:00:00-05:00,284.14801163151515,286.1790250245558,281.81574929277093,282.93328857421875,3180100
182,2025-01-29 00:00:00-05:00,283.1568155774642,284.86715517616125,281.8157565426973,281.9226379394531,2358300
183,2025-01-30 00:00:00-05:00,282.70005467507013,283.837018782548,281.19378037847383,282.126708984375,2125200
184,2025-01-31 00:00:00-05:00,281.65054449053804,283.0304829842575,279.24055283436,280.5524597167969,2556500
185,2025-02-03 00:00:00-05:00,278.9198314214222,282.6903364358893,276.16971154171017,281.86431884765625,3048800
186,2025-02-04 00:00:00-05:00,281.58255701965106,282.43772687311895,280.2317706246672,281.5922546386719,2976900
187,2025-02-05 00:00:00-05:00,281.8157965111506,282.07816605920993,278.2590832446986,280.6788024902344,2362900
188,2025-02-06 00:00:00-05:00,283.3608578692848,288.7639433582966,282.1267099872648,286.05267333984375,3590000
189,2025-02-07 00:00:00-05:00,286.0527196236726,288.47246837846643,285.5279805594474,285.9944152832031,2858000
190,2025-02-10 00:00:00-05:00,293.73942097764126,301.52337478085366,293.0008896235867,299.71588134765625,8052000
191,2025-02-11 00:00:00-05:00,298.69556631226953,302.79647295403794,297.529449853313,301.4554138183594,4180400
192,2025-02-12 00:00:00-05:00,300.843139085608,301.3387555514971,297.140665814881,298.9190368652344,3110200
193,2025-02-13 00:00:00-05:00,298.82185060443055,302.7381162732536,297.00462978641684,301.2707214355469,3096800
194,2025-02-14 00:00:00-05:00,301.44571294395405,302.2231239081966,299.0939958441802,299.8422546386719,2674400
195,2025-02-18 00:00:00-05:00,298.67610397295584,298.67610397295584,294.973630557146,296.2272033691406,3367800
196,2025-02-19 00:00:00-05:00,294.75982109714334,295.2165581154232,291.0573478951325,293.41876220703125,2990700
197,2025-02-20 00:00:00-05:00,292.3400872579341,294.5751954041049,289.735728225726,294.4974365234375,3020000
198,2025-02-21 00:00:00-05:00,295.34292676916846,297.32533350291834,293.07866631795514,296.2077941894531,3036700
199,2025-02-24 00:00:00-05:00,296.39241494776877,301.6788918688513,295.537245202252,298.889892578125,3397600
200,2025-02-25 00:00:00-05:00,300.4544417142215,302.91303990549716,299.29802303370803,301.95098876953125,3891600
201,2025-02-26 00:00:00-05:00,302.9033502311416,305.67289504746986,295.10966819778554,295.6830139160156,4140900
202,2025-02-27 00:00:00-05:00,296.57705357705174,302.9810697025485,295.6344273386398,301.2027282714844,3350400
203,2025-02-28 00:00:00-05:00,298.92873634162976,299.8130582353736,295.3040219266276,299.62841796875,4972900
204,2025-03-03 00:00:00-05:00,301.14336348986086,302.4921653197282,295.59180015110434,297.4097595214844,4371300
205,2025-03-04 00:00:00-05:00,297.70295019739547,305.85437192587284,297.70295019739547,298.85626220703125,3954500
206,2025-03-05 00:00:00-05:00,297.12631686148484,301.4854643426725,296.5105568929492,300.4983215332031,2327500
207,2025-03-06 00:00:00-05:00,300.84036714102234,304.3101165050822,297.4977129658719,303.3522644042969,2954900
208,2025-03-07 00:00:00-05:00,303.7921243056839,315.862887129718,303.33275017950444,314.025390625,7607600
209,2025-03-10 00:00:00-04:00,312.8525029176434,318.9416483222992,308.60085396653,310.07672119140625,4707600
210,2025-03-11 00:00:00-04:00,310.43834572250273,310.51655356011526,299.38407651341225,299.82391357421875,4513100
211,2025-03-12 00:00:00-04:00,296.8233488833438,299.50138593012394,289.649315242824,292.6303405761719,4546200
212,2025-03-13 00:00:00-04:00,293.6370589070711,296.59854727952165,290.5485051537887,290.7733154296875,4178600
213,2025-03-14 00:00:00-04:00,290.2552792788581,293.8716313416003,289.0237593108066,293.05059814453125,2696800
214,2025-03-17 00:00:00-04:00,294.48734267576685,298.32850475261955,293.2460691775394,297.09698486328125,2758400
215,2025-03-18 00:00:00-04:00,298.0744005793329,298.0744005793329,295.4354376749609,296.7353820800781,2435400
216,2025-03-19 00:00:00-04:00,297.1165430438627,301.11406142280407,296.7646972376234,299.9803161621094,2812200
217,2025-03-20 00:00:00-04:00,301.0651813199082,302.65833042077844,298.60217137824054,300.0584716796875,2723500
218,2025-03-21 00:00:00-04:00,299.46228409005494,300.05847717046584,294.8196855019126,298.53375244140625,6016100
219,2025-03-24 00:00:00-04:00,299.37427501127746,300.9869909185492,297.6443070097635,298.758544921875,3443400
220,2025-03-25 00:00:00-04:00,299.99006977169233,301.68096388070364,297.15564696485114,299.9803161621094,2657100
221,2025-03-26 00:00:00-04:00,300.93812169077614,306.95884260156237,300.8306231985097,306.48968505859375,2624400
222,2025-03-27 00:00:00-04:00,308.0339643761886,309.4805110386507,303.65525029910964,305.61981201171875,3119500
223,2025-03-28 00:00:00-04:00,302.0132401511519,302.9906292778546,299.0712893349609,300.14642333984375,3211600
224,2025-03-31 00:00:00-04:00,298.1037140451008,306.11831763241616,297.5563784645336,305.30706787109375,4418800
225,2025-04-01 00:00:00-04:00,306.00099227160104,307.66256581362404,303.9191783670756,306.53857421875,2411200
226,2025-04-02 00:00:00-04:00,305.63936667160874,306.8317826820446,302.82448101893715,304.534912109375,2776800
227,2025-04-03 00:00:00-04:00,304.33947293405015,312.4908957933978,304.26126508972203,311.07366943359375,7023900
228,2025-04-04 00:00:00-04:00,307.4573181308264,307.83848439650933,292.53256642668646,293.3242492675781,8831100
229,2025-04-07 00:00:00-04:00,285.9841072941635,297.9864463755516,283.93158385500215,293.1092834472656,7725900
230,2025-04-08 00:00:00-04:00,296.91129751347086,301.28022854138226,288.2516432990603,293.05059814453125,5562500
231,2025-04-09 00:00:00-04:00,290.68533177229426,304.60334473333876,290.00114738663143,297.08721923828125,8265700
232,2025-04-10 00:00:00-04:00,294.526445416259,300.6742315743781,290.20640203951046,299.84344482421875,6049500
233,2025-04-11 00:00:00-04:00,299.54044576696515,303.8605188154397,297.087189523026,302.89288330078125,4439900
234,2025-04-14 00:00:00-04:00,305.365720163304,311.00527529828406,304.0951260529128,308.9234313964844,4068300
235,2025-04-15 00:00:00-04:00,308.9820767096272,310.0278903939505,304.78906836230703,305.41461181640625,2901200
236,2025-04-16 00:00:00-04:00,306.4799540870545,307.18367553971103,300.4201288098704,302.11102294921875,3098900
237,2025-04-17 00:00:00-04:00,302.22830447451145,305.9130512017335,300.1855645253974,304.2612609863281,2728500
238,2025-04-21 00:00:00-04:00,303.9680396775963,304.24170745912363,298.2209864379718,301.7395935058594,2669900
239,2025-04-22 00:00:00-04:00,304.7108598106017,312.76453709600764,304.1537408202872,311.8653259277344,4200700
240,2025-04-23 00:00:00-04:00,311.2984677106154,312.6668066581187,307.67236204284364,311.2789306640625,3210100
241,2025-04-24 00:00:00-04:00,311.230059788588,311.679680331084,306.4408583049222,309.0700378417969,2479500
242,2025-04-25 00:00:00-04:00,309.34368320606274,314.5042970124173,307.90691988243015,309.5782470703125,2282900
243,2025-04-28 00:00:00-04:00,310.5165581784304,310.82930005088025,307.1445535355637,309.64666748046875,2578300
244,2025-04-29 00:00:00-04:00,308.91361017504465,309.56847402502876,305.9228017834298,307.3888854980469,3164500
245,2025-04-30 00:00:00-04:00,309.62713601219286,313.74193623224716,306.02056744313205,312.4224548339844,5564600
246,2025-05-01 00:00:00-04:00,306.06939888920186,312.03147852424297,304.5544576746848,306.54833984375,5186900
247,2025-05-02 00:00:00-04:00,306.46038687824944,308.82568198329574,303.65528450799286,304.9063415527344,3994600
248,2025-05-05 00:00:00-04:00,305.92282944306385,310.2233360959224,303.6748461417555,308.5813293457031,3534100
249,2025-05-06 00:00:00-04:00,307.98509968850226,310.0669434784987,305.7957574026158,309.62713623046875,2691700
250,2025-05-07 00:00:00-04:00,309.32417277030396,312.0217469238962,308.9722971161069,310.9368591308594,2725900
251,2025-05-08 00:00:00-04:00,310.88791532131125,312.43220682021064,306.0987146426352,306.4017028808594,2131500
252,2025-05-09 00:00:00-04:00,305.8251009306565,307.14458242927634,304.1342365593438,306.58746337890625,1917800
253,2025-05-12 00:00:00-04:00,304.9552099827384,305.12134944121,298.1134856692053,304.86724853515625,4137900
254,2025-05-13 00:00:00-04:00,304.6033297128197,305.11159117226657,301.47570225664447,301.71026611328125,3018600
255,2025-05-14 00:00:00-04:00,301.2704386417943,301.92530253247884,298.7781081030645,300.54718017578125,2656600
256,2025-05-15 00:00:00-04:00,300.840401849594,308.0046818181696,300.840401849594,307.369384765625,2928500
257,2025-05-16 00:00:00-04:00,307.26185445707847,311.454862700941,306.2844652048296,311.4059753417969,2636900
258,2025-05-19 00:00:00-04:00,310.9172565546543,314.3381186716942,310.83907854467276,313.96673583984375,2748600
259,2025-05-20 00:00:00-04:00,313.9569670987251,314.4456617097481,311.6405594148843,312.5690612792969,2035000
260,2025-05-21 00:00:00-04:00,310.34057074712115,311.4645920540692,308.04373026521296,309.2850036621094,2386700
261,2025-05-22 00:00:00-04:00,308.97225803743066,309.4609526198833,305.56117939672754,307.20318603515625,2642000
262,2025-05-23 00:00:00-04:00,307.94603103948754,308.51290366726386,305.9521486638513,307.45733642578125,2701500
263,2025-05-27 00:00:00-04:00,307.39868172451054,308.4835694012433,305.10181117719924,307.8287353515625,2526700
264,2025-05-28 00:00:00-04:00,307.82872507622005,308.5128795854741,305.1311214743133,305.76641845703125,1935600
265,2025-05-29 00:00:00-04:00,305.30704123920884,306.4114957410822,303.0297376645213,304.8085632324219,2248800
266,2025-05-30 00:00:00-04:00,304.9454251200162,308.16104388405364,303.55751935592457,306.75360107421875,4062900
267,2025-06-02 00:00:00-04:00,305.4266527300591,307.90363204377013,304.10952666665327,307.3433532714844,2577000
268,2025-06-03 00:00:00-04:00,306.5176881817587,309.0241842263618,303.8735971760311,307.0583190917969,3028100
269,2025-06-04 00:00:00-04:00,307.6578751060529,308.88654074146046,304.1979634755643,306.2522888183594,2069500
270,2025-06-05 00:00:00-04:00,306.67492716049543,306.67492716049543,302.51711206075095,303.70648193359375,3813500
271,2025-06-06 00:00:00-04:00,301.9077283046949,304.57146712997877,301.5735348355618,302.1141357421875,2622800
272,2025-06-09 00:00:00-04:00,298.54611884033875,300.0205176882045,294.7323356877171,299.57818603515625,4059800
273,2025-06-10 00:00:00-04:00,294.88961431184117,297.2486465155931,294.3391744641898,295.30242919921875,4698700
274,2025-06-11 00:00:00-04:00,295.07635740645105,298.02515499546934,292.11772089318555,296.5704040527344,3312100
275,2025-06-12 00:00:00-04:00,296.52131028923174,298.00551821581,294.9486120256741,297.9858703613281,2584700
276,2025-06-13 00:00:00-04:00,296.65890288336817,299.9025686535869,296.0101637299796,296.7572021484375,2435500
277,2025-06-16 00:00:00-04:00,297.96621844297215,298.8115261250299,290.70233174828155,291.2331237792969,4045700
278,2025-06-17 00:00:00-04:00,290.94803795283855,290.95787687739585,286.80990027157776,287.3210144042969,3379000
279,2025-06-18 00:00:00-04:00,287.9992455689822,288.10735375421643,283.67434822189813,284.686767578125,4008700
280,2025-06-20 00:00:00-04:00,284.82437444224746,285.6500342432774,280.69607543709776,282.5538024902344,7085000
281,2025-06-23 00:00:00-04:00,283.5957111703477,284.5786437988281,280.9909457042193,284.5786437988281,5172500
282,2025-06-24 00:00:00-04:00,284.67693004920716,287.11461365523905,283.6546717632297,286.495361328125,4461200
283,2025-06-25 00:00:00-04:00,285.8957302166194,286.11197656472206,279.45753439288893,280.6763610839844,4259800
284,2025-06-26 00:00:00-04:00,281.06958102271165,281.89524078376314,278.6318974448061,280.7550354003906,5354900
285,2025-06-27 00:00:00-04:00,281.12854984855534,287.20306584343535,280.3716725827814,286.573974609375,7422200
286,2025-06-30 00:00:00-04:00,285.91544966389625,288.5693497803215,285.91544966389625,287.1834411621094,5054800
287,2025-07-01 00:00:00-04:00,287.50780378681003,294.53576632447607,287.36036988677705,292.4126281738281,5121900
288,2025-07-02 00:00:00-04:00,292.99250906996326,292.99250906996326,287.60605811880487,289.6014099121094,4021500
289,2025-07-03 00:00:00-04:00,289.64071703825215,289.797959832488,287.6158486026735,289.0607604980469,1678600
290,2025-07-07 00:00:00-04:00,289.1000986876882,290.63347096984916,287.497913932127,288.5201721191406,3404300
291,2025-07-08 00:00:00-04:00,288.0090816091109,288.0188905370292,285.30601704466625,286.69195556640625,3123600
292,2025-07-09 00:00:00-04:00,287.26201266466,288.8052238326783,286.36754052262495,288.01885986328125,3265800
293,2025-07-10 00:00:00-04:00,291.24291620569244,295.64646503473733,289.98476368263994,293.2972717285156,5366800
294,2025-07-11 00:00:00-04:00,293.0515105534303,297.5729760653894,292.21601192736154,294.7912902832031,4524100
295,2025-07-14 00:00:00-04:00,294.0737616892749,296.9144512400769,289.79799897268697,296.7276916503906,5707500
296,2025-07-15 00:00:00-04:00,296.15760633459104,297.6221964347092,294.1327674008854,294.50628662109375,2937600
297,2025-07-16 00:00:00-04:00,294.6635389699534,295.35160380111597,291.15446232512556,293.7985534667969,2804700
298,2025-07-17 00:00:00-04:00,294.65370366100717,297.2879859066016,293.3267686080447,295.24346923828125,3134300
299,2025-07-18 00:00:00-04:00,294.6241687542905,295.2729077836463,291.3706646805869,291.999755859375,3481300
300,2025-07-21 00:00:00-04:00,293.0220198024367,293.7002456888022,290.2403337732314,290.6924743652344,3037500
301,2025-07-22 00:00:00-04:00,290.81043027766503,294.9780849802654,290.0142572559615,294.06396484375,2672000
302,2025-07-23 00:00:00-04:00,294.3784425490935,294.7618006195536,291.8523288411392,293.0318298339844,2467600
303,2025-07-24 00:00:00-04:00,291.84249831825616,292.3830992059487,289.3851670165262,289.4539794921875,4426000
304,2025-07-25 00:00:00-04:00,291.74421334595013,293.54299674501914,289.86680853993454,293.3758850097656,3401000
305,2025-07-28 00:00:00-04:00,291.98996009735924,294.7913240483524,289.95528238589577,294.11309814453125,3070500
306,2025-07-29 00:00:00-04:00,293.84770109912324,297.66145423842096,293.20877093711914,297.50421142578125,3147700
307,2025-07-30 00:00:00-04:00,297.4059028697191,300.21707550773993,295.9413130019124,298.4281311035156,2805900
308,2025-07-31 00:00:00-04:00,295.88234580660315,298.2905425560831,294.8797654030523,294.9485778808594,3639600
309,2025-08-01 00:00:00-04:00,298.32003345054454,298.51663196221534,296.2362212124083,297.720458984375,3344800
310,2025-08-04 00:00:00-04:00,295.40073501373064,301.1214099824285,295.40073501373064,299.03759765625,4734500
311,2025-08-05 00:00:00-04:00,297.8285922659586,299.4012905016913,293.2776093074353,293.6707763671875,4222900
312,2025-08-06 00:00:00-04:00,301.7602880273708,305.1022526446165,296.59005329804904,302.4090270996094,6474300
313,2025-08-07 00:00:00-04:00,303.88342028382414,304.8761917240575,299.1555172810158,302.6547546386719,3603300
314,2025-08-08 00:00:00-04:00,301.7602888044803,303.28382223786684,298.7033830133884,300.23675537109375,2622000
315,2025-08-11 00:00:00-04:00,300.28590177261856,302.0551684095787,298.5952565431297,299.16534423828125,2649000
316,2025-08-12 00:00:00-04:00,299.96154149641626,300.2858960415372,294.771658797433,296.4917907714844,3438300
317,2025-08-13 00:00:00-04:00,296.55074254189384,300.0991144121495,296.2558447985428,299.86322021484375,2999100
318,2025-08-14 00:00:00-04:00,300.2859030723431,304.01122594816553,297.5337038481102,303.6770324707031,4699400
319,2025-08-15 00:00:00-04:00,304.86633584163127,304.86633584163127,301.2687994331335,303.6573181152344,3416600
320,2025-08-18 00:00:00-04:00,303.10692037621055,304.6894574569229,301.32781477397674,303.4313049316406,3272600
321,2025-08-19 00:00:00-04:00,303.43127915396826,308.85705583392183,303.18554602540064,305.6231994628906,2893600
322,2025-08-20 00:00:00-04:00,308.31649841033106,310.7541521914349,307.0583458145834,307.7365417480469,3879900
323,2025-08-21 00:00:00-04:00,306.5471805185705,308.2476646896296,305.85914570702715,307.8741455078125,2282200
324,2025-08-22 00:00:00-04:00,309.26009563024917,311.3930426216236,307.80534455100565,308.70965576171875,2796700
325,2025-08-25 00:00:00-04:00,308.3754519162712,310.16436643057114,306.6258331078875,308.09039306640625,2944300
326,2025-08-26 00:00:00-04:00,308.0805653754562,309.7417239110177,306.96984671001564,307.59893798828125,2807600
327,2025-08-27 00:00:00-04:00,308.0117377317678,310.3314742102879,306.02622472632737,306.11468505859375,3234400
328,2025-08-28 00:00:00-04:00,305.810003429577,307.18610314995664,304.0702234256032,306.8912353515625,3471700
329,2025-08-29 00:00:00-04:00,306.90105090275523,308.54253151667046,306.1146868390553,308.1886901855469,2492500
330,2025-09-02 00:00:00-04:00,309.4539513378079,312.49858796392544,308.74222084299,312.1328430175781,3228700
331,2025-09-03 00:00:00-04:00,311.40132720235823,313.23008212604094,309.38478257873777,312.755615234375,3219500
332,2025-09-04 00:00:00-04:00,314.1691764464332,315.76066773186136,312.84457278330734,313.34869384765625,2881300
333,2025-09-05 00:00:00-04:00,313.7243513541199,314.38666830672565,309.67144220970494,310.7687072753906,2533100
334,2025-09-08 00:00:00-04:00,309.2266377110297,309.4836305723107,306.2017904049327,309.20684814453125,2873600
335,2025-09-09 00:00:00-04:00,307.6351041705423,310.0965219091964,307.16063726537215,308.9300537109375,2310800
336,2025-09-10 00:00:00-04:00,308.5050078861436,308.5050078861436,301.1109200416002,302.4256591796875,3479500
337,2025-09-11 00:00:00-04:00,302.7123136644039,305.39117515395947,301.74356017047813,304.88702392578125,2761500
338,2025-09-12 00:00:00-04:00,304.086345635592,304.9661366319556,301.7435747955977,301.891845703125,2072600
339,2025-09-15 00:00:00-04:00,301.6348394862563,302.1982689098932,297.0580199522572,298.60009765625,3584500
340,2025-09-16 00:00:00-04:00,300.0136705745815,302.48495286926504,299.2228723070909,299.80609130859375,3578500
341,2025-09-17 00:00:00-04:00,301.39756321754226,303.0582575725434,300.4189451453127,301.4667663574219,2681600
342,2025-09-18 00:00:00-04:00,298.00701266399705,299.21299971994296,294.4582546456287,297.6808166503906,4654100
343,2025-09-19 00:00:00-04:00,298.23437359968364,301.298739657488,297.295274216149,298.90655517578125,5696900
344,2025-09-22 00:00:00-04:00,298.847234718174,300.7550574232886,296.9690661941278,299.509521484375,3657900
345,2025-09-23 00:00:00-04:00,300.250914930823,300.95278084826947,296.87021752239207,299.7072448730469,2976900
346,2025-09-24 00:00:00-04:00,299.015246396697,302.46517680353884,298.54077952915645,300.8341064453125,2427300
347,2025-09-25 00:00:00-04:00,302.3663468784133,302.81115960703295,298.48149821336193,298.82745361328125,2558400
348,2025-09-26 00:00:00-04:00,299.8851890984744,302.26750908915284,298.54082587571423,301.73370361328125,2284700
349,2025-09-29 00:00:00-04:00,302.36633831771917,302.5936769835701,298.38263243675544,299.509521484375,3073800
350,2025-09-30 00:00:00-04:00,299.272281250364,300.98241943192176,298.5308965734432,300.3992004394531,2640100
351,2025-10-01 00:00:00-04:00,299.77644761462636,301.2690816592573,294.8734016501995,297.0679016113281,3055300
352,2025-10-02 00:00:00-04:00,296.1584897937951,298.9065546246773,295.51596240115055,296.4352722167969,2690400
353,2025-10-03 00:00:00-04:00,295.466489868807,297.92790742084236,295.22925643420837,297.5226135253906,2599100
354,2025-10-06 00:00:00-04:00,295.6049125443205,296.20789094637223,291.5223493510814,292.6393737792969,3814200
355,2025-10-07 00:00:00-04:00,291.6113238626404,294.64606589682154,290.7513224122097,292.9161682128906,2515700
356,2025-10-08 00:00:00-04:00,292.9754548568312,293.25223725905937,290.05932976759004,291.0181884765625,2464600
357,2025-10-09 00:00:00-04:00,290.27683186103326,291.72994715490915,288.68534043618075,290.43499755859375,2802700
358,2025-10-10 00:00:00-04:00,291.31477362055887,294.5274406549996,289.52556762397046,293.5982360839844,4016200
359,2025-10-13 00:00:00-04:00,291.2159119858523,296.96906441481445,290.6227982010176,296.66259765625,3369300
360,2025-10-14 00:00:00-04:00,296.71204209928584,302.010456877674,296.662598353005,301.0614929199219,2992800
361,2025-10-15 00:00:00-04:00,300.1422050856206,305.54937236751203,300.1422050856206,301.74359130859375,2522100
362,2025-10-16 00:00:00-04:00,302.2773694922293,303.7502440663827,301.20975866191446,301.8226318359375,2021600
363,2025-10-17 00:00:00-04:00,303.2757437580935,304.7881672789619,302.7913820935664,304.5509338378906,2194200
364,2025-10-20 00:00:00-04:00,304.412574398198,305.1539591091853,302.32679639110273,304.234619140625,2329600
365,2025-10-21 00:00:00-04:00,305.0056534407767,305.0056534407767,302.87049205226185,303.9479675292969,2461100
366,2025-10-22 00:00:00-04:00,304.67945574590874,309.196967065042,303.6217396733114,306.5477294921875,2735700
367,2025-10-23 00:00:00-04:00,308.38638181815185,308.38638181815185,302.7024324367499,303.4438171386719,2081500
368,2025-10-24 00:00:00-04:00,304.09623442042005,304.1654375649081,301.5162000122499,302.2773742675781,1994500
369,2025-10-27 00:00:00-04:00,302.38608648604867,306.52795790122946,301.8325216819833,306.4389953613281,2139700
370,2025-10-28 00:00:00-04:00,304.9958033515058,307.01234811081713,302.8111679450521,302.88037109375,2336500
371,2025-10-29 00:00:00-04:00,301.19990352173517,301.2789712830882,297.7598676459755,298.87689208984375,2502300
372,2025-10-30 00:00:00-04:00,297.04814038832995,300.89347022993303,296.6527412431806,298.9559631347656,3128400
373,2025-10-31 00:00:00-04:00,296.5538952325576,297.2557310045084,293.588356280232,295.0019226074219,3582700
374,2025-11-03 00:00:00-05:00,294.2506610983459,294.4977893341648,291.0577534314381,292.965576171875,3899300
375,2025-11-04 00:00:00-05:00,294.7844362757818,296.3067546547187,293.0150198281238,295.77294921875,4151300
376,2025-11-05 00:00:00-05:00,296.11892291506905,306.60706050649486,295.77293736549154,302.15875244140625,6070300
377,2025-11-06 00:00:00-05:00,300.7649538937485,302.8902506609644,294.09249161273215,294.9821472167969,3544900
378,2025-11-07 00:00:00-05:00,296.8899549562617,299.0745599757467,294.9030344126965,296.2177734375,3250100
379,2025-11-10 00:00:00-05:00,295.5653882716389,296.5736606758487,292.6393982258165,295.66424560546875,3824300
380,2025-11-11 00:00:00-05:00,297.40399631133425,303.7601576062471,297.39413169525426,303.305419921875,2755800
381,2025-11-12 00:00:00-05:00,303.25598836759036,305.5394507691338,302.26747546070504,303.4141540527344,2818600
382,2025-11-13 00:00:00-05:00,303.7700010429125,306.53785525346336,302.9792027924806,304.0467834472656,2294300
383,2025-11-14 00:00:00-05:00,304.9068450353753,307.1804128545371,299.8456331663065,303.5031433105469,3112500
384,2025-11-17 00:00:00-05:00,303.64152664111924,304.16543728157467,300.6067847393206,301.3975830078125,2435700
385,2025-11-18 00:00:00-05:00,302.1686315019803,304.89693689910706,300.6661026771827,301.0911560058594,2773800
386,2025-11-19 00:00:00-05:00,301.0911450622804,301.3382732909504,298.570449196655,299.26239013671875,2008300
387,2025-11-20 00:00:00-05:00,298.9757584536573,302.1291172266621,298.40240404019005,300.6661071777344,4205100
388,2025-11-21 00:00:00-05:00,302.7518415800112,306.9728110613235,302.6431196388259,305.7964782714844,3348900
389,2025-11-24 00:00:00-05:00,305.4405972269914,306.7750957012142,300.53758159489695,301.3975830078125,3687300
390,2025-11-25 00:00:00-05:00,303.2263402028109,307.8822276398438,303.2263402028109,306.88385009765625,4189600
391,2025-11-26 00:00:00-05:00,307.99097943011094,309.2760341664193,306.1622244845794,308.8114318847656,2786600
392,2025-11-28 00:00:00-05:00,308.78176816994795,309.70107792217016,307.1210737465105,308.23809814453125,1850700
393,2025-12-01 00:00:00-05:00,307.7607781864714,307.7806561565646,301.6847048639153,301.88360595703125,3354100
394,2025-12-02 00:00:00-05:00,302.11231507676376,302.1322233953145,297.9257110081231,299.0494384765625,3947800
395,2025-12-03 00:00:00-05:00,300.7201107284874,307.0348414729247,300.38200312782135,306.0006103515625,4986900
396,2025-12-04 00:00:00-05:00,306.8160346107506,312.056747468542,305.61276497204835,306.82598876953125,4632200
397,2025-12-05 00:00:00-05:00,306.9453376784783,310.31648979221444,306.48790156484847,309.5010681152344,3147200
398,2025-12-08 00:00:00-05:00,310.2667757769304,312.00705416670485,307.33315149494905,308.0690612792969,3575000
399,2025-12-09 00:00:00-05:00,308.9640565307292,310.96290028486965,306.7066777659377,309.0635070800781,2355100
400,2025-12-10 00:00:00-05:00,307.7806547466662,309.59055150237464,304.3100522284258,308.804931640625,4103900
401,2025-12-11 00:00:00-05:00,309.7695360147536,311.24132515289676,307.3430884251893,307.9894714355469,4844000
402,2025-12-12 00:00:00-05:00,308.80492537363153,316.02460393189887,308.64581057270595,314.9605407714844,3771900
403,2025-12-15 00:00:00-05:00,314.94068982992525,317.8842380295495,314.04566520440255,316.95941162109375,3814900
404,2025-12-16 00:00:00-05:00,317.3372752711366,318.79911038578916,312.56395222429654,312.7528991699219,2972300
405,2025-12-17 00:00:00-05:00,313.79704545070365,317.42679326012905,313.2501129482667,316.91961669921875,3328600
406,2025-12-18 00:00:00-05:00,317.6057784130575,320.00239397251755,316.58150150447926,317.874267578125,3335200
407,2025-12-19 00:00:00-05:00,316.92957719319054,317.5560519392492,313.99595282645595,314.08544921875,7128600
408,2025-12-22 00:00:00-05:00,313.2500940706127,316.50191745519237,312.7230395707014,314.46331787109375,2514600
409,2025-12-23 00:00:00-05:00,310.36623038323637,312.3749979683961,308.904395302794,309.11322021484375,2922800
410,2025-12-24 00:00:00-05:00,308.95411325004744,311.6590044081284,308.55634138669245,311.5893859863281,1011500
411,2025-12-26 00:00:00-05:00,311.24134279935004,311.51978612796995,308.1486037065621,308.9541015625,1308900
412,2025-12-29 00:00:00-05:00,308.7353111388922,309.37177035121357,306.5077645918586,306.8160400390625,2148300
413,2025-12-30 00:00:00-05:00,305.3740824807543,306.92544422113616,305.06580703407496,306.3188171386719,1678300
414,2025-12-31 00:00:00-05:00,306.07020960629336,306.4978135731772,303.6537161025961,303.9321594238281,1903600
415,2026-01-02 00:00:00-05:00,303.5940696849641,303.85260470327137,298.62184555073907,301.5753479003906,3124300
416,2026-01-05 00:00:00-05:00,299.5765067558793,300.65049382529867,297.95555681799385,298.1942138671875,4573300
417,2026-01-06 00:00:00-05:00,297.40861563676236,302.53000032188976,296.67270584309904,301.0880432128906,3769100
418,2026-01-07 00:00:00-05:00,303.6338203463279,305.29455653141486,301.6250527563368,302.4703369140625,4100200
419,2026-01-08 00:00:00-05:00,301.75434123934974,307.28345205890895,300.9488433559712,307.16412353515625,3268300
420,2026-01-09 00:00:00-05:00,307.32323929323604,307.80055338971266,302.90790181254056,305.61279296875,2972000
421,2026-01-12 00:00:00-05:00,305.7320982646789,305.7718845523784,302.48027483730016,305.0459289550781,3206600
422,2026-01-13 00:00:00-05:00,303.53440409552945,307.9397873756521,303.5045719647765,307.72100830078125,2967900
423,2026-01-14 00:00:00-05:00,307.72099415552304,309.4513183557504,304.2304832776406,306.41827392578125,2949000
424,2026-01-15 00:00:00-05:00,307.2138235546293,307.2138235546293,302.11231689529774,306.9055480957031,3189200
425,2026-01-16 00:00:00-05:00,305.1851896090975,306.81606335552937,304.1410043247885,305.72216796875,2590600
426,2026-01-20 00:00:00-05:00,304.737661089474,304.8470354483117,300.76983612502346,301.15765380859375,3018000
427,2026-01-21 00:00:00-05:00,301.65487003209404,304.0116992589776,301.4559992888058,303.9918212890625,3630900
428,2026-01-22 00:00:00-05:00,304.4492540513863,305.9210432062402,303.25593856057213,304.3299255371094,2809400
429,2026-01-23 00:00:00-05:00,304.3995485181048,307.7906088072057,303.6636387556189,307.53204345703125,2350200
430,2026-01-26 00:00:00-05:00,308.27789298730556,312.6136578183869,308.24806085674487,311.2115173339844,3385000
431,2026-01-27 00:00:00-05:00,310.58500607693423,312.8125527093644,309.3121179515389,312.38494873046875,2506600
432,2026-01-28 00:00:00-05:00,313.2501075627596,314.522995674807,309.8789251714504,311.06231689453125,2184500
433,2026-01-29 00:00:00-05:00,311.1717311091908,315.6367786229882,310.5253480482074,313.7572937011719,3211300
434,2026-01-30 00:00:00-05:00,313.90645930117796,314.29427700466107,309.83918358018946,313.2501220703125,2983200
435,2026-02-02 00:00:00-05:00,317.22788831254263,317.744988678539,313.4589340573951,316.760498046875,3309800
436,2026-02-03 00:00:00-05:00,313.7572837040622,321.0962910701805,313.7572837040622,317.7052307128906,4043400
437,2026-02-04 00:00:00-05:00,319.3261610766876,325.13374552255857,317.92402058899313,321.891845703125,4805900
438,2026-02-05 00:00:00-05:00,323.2741013130609,326.2375577339443,321.1559593874338,321.6830139160156,3936800
439,2026-02-06 00:00:00-05:00,321.1062153149145,325.72045368880305,319.4554333284654,325.3425598144531,2831900
440,2026-02-09 00:00:00-05:00,324.12933683441605,325.501675498415,321.384659506418,323.7912292480469,2673900
441,2026-02-10 00:00:00-05:00,323.6221709864214,326.1779014612805,321.7128539239937,324.1591796875,3502900
442,2026-02-11 00:00:00-05:00,321.7824294600363,323.393455500505,319.02782833702196,321.41448974609375,4553200
443,2026-02-12 00:00:00-05:00,327.99769828881847,331.5279953574491,318.37148039970236,330.2351989746094,6499700
444,2026-02-13 00:00:00-05:00,330.65290529535616,333.8053087531176,324.7160684585372,325.7602233886719,3587900
445,2026-02-17 00:00:00-05:00,328.1667711801981,330.2352029302544,323.1945473744375,325.79998779296875,3367200
446,2026-02-18 00:00:00-05:00,325.4519307098029,326.9734300021961,322.03103825468895,326.0685119628906,3661800
447,2026-02-19 00:00:00-05:00,326.63532267953246,331.1501104607445,325.13373170420465,325.2928161621094,4032300
448,2026-02-20 00:00:00-05:00,326.2077161504711,328.445216879276,324.14920819643953,327.40106201171875,3862700
449,2026-02-23 00:00:00-05:00,328.59438469458553,333.71576929376323,328.41539191590664,332.7014465332031,3806200
450,2026-02-24 00:00:00-05:00,333.4472840650143,334.1334534061027,330.4838276303418,331.1998291015625,2756900
451,2026-02-25 00:00:00-05:00,330.1556657617362,332.2937159613671,328.1667762089547,331.1600646972656,2812500
452,2026-02-26 00:00:00-05:00,333.00970791435884,335.06821582629476,331.25947544646607,332.6716003417969,2425900
453,2026-02-27 00:00:00-05:00,333.70585194649846,339.4537417304368,333.70585194649846,339.16534423828125,4269100
454,2026-03-02 00:00:00-05:00,339.1653479391382,339.8515172928989,332.55229595462106,332.96002197265625,4555400
455,2026-03-03 00:00:00-05:00,330.0899963378906,332.1700134277344,327.70001220703125,332.1700134277344,2901100
456,2026-03-04 00:00:00-05:00,331.739990234375,332.8299865722656,329.6099853515625,331.739990234375,2455900
457,2026-03-05 00:00:00-05:00,329.79998779296875,330.80999755859375,324.1199951171875,327.45001220703125,4321400
458,2026-03-06 00:00:00-05:00,326.2900085449219,328.3299865722656,321.32000732421875,328.05999755859375,3341200
459,2026-03-09 00:00:00-04:00,325.79998779296875,331.70001220703125,324.5799865722656,330.79998779296875,3407500
460,2026-03-10 00:00:00-04:00,328.3399963378906,329.6499938964844,326.7099914550781,327.94000244140625,2391400
461,2026-03-11 00:00:00-04:00,327.0299987792969,327.6499938964844,322.4200134277344,325.2099914550781,2200500
462,2026-03-12 00:00:00-04:00,323.25,327.32000732421875,322.010009765625,323.9100036621094,2639600
463,2026-03-13 00:00:00-04:00,324.9800109863281,326.9599914550781,324.4800109863281,326.4599914550781,2449800
464,2026-03-16 00:00:00-04:00,327.8399963378906,328.7099914550781,326.510009765625,326.6499938964844,2584300
465,2026-03-17 00:00:00-04:00,327.3399963378906,330.489990234375,326.1199951171875,326.29998779296875,2437800
466,2026-03-18 00:00:00-04:00,323.7699890136719,324.5,315.239990234375,315.7300109863281,3038400
467,2026-03-19 00:00:00-04:00,315.989990234375,316.7300109863281,309.3299865722656,309.5799865722656,3362300
468,2026-03-20 00:00:00-04:00,309.79998779296875,311.3699951171875,307.6199951171875,308.8500061035156,6436600
469,2026-03-23 00:00:00-04:00,313.4700012207031,313.989990234375,308.04998779296875,308.4700012207031,3003200
470,2026-03-24 00:00:00-04:00,306.3900146484375,311.19000244140625,304.7799987792969,307.8399963378906,2954900
471,2026-03-25 00:00:00-04:00,310.05999755859375,312.94000244140625,308.1099853515625,311.70001220703125,3714000
472,2026-03-26 00:00:00-04:00,310.75,312.7099914550781,308.79998779296875,308.92999267578125,3025700
473,2026-03-27 00:00:00-04:00,309.75,309.9700012207031,305.3299865722656,305.8999938964844,3137200
474,2026-03-30 00:00:00-04:00,308.70001220703125,310.7900085449219,307.6400146484375,308.5299987792969,3569600
475,2026-03-31 00:00:00-04:00,310.2300109863281,311.67999267578125,307.5400085449219,310.7900085449219,3021300
476,2026-04-01 00:00:00-04:00,310.1700134277344,311.0,304.0,307.2900085449219,3887300
477,2026-04-02 00:00:00-04:00,306.8299865722656,307.5,303.0299987792969,307.1400146484375,2649100
478,2026-04-06 00:00:00-04:00,306.05999755859375,310.30999755859375,305.80999755859375,309.760009765625,1816000
479,2026-04-07 00:00:00-04:00,310.2699890136719,310.29998779296875,304.2200012207031,304.8500061035156,2033700
480,2026-04-08 00:00:00-04:00,307.1600036621094,308.25,303.1000061035156,307.010009765625,4155100
481,2026-04-09 00:00:00-04:00,305.19000244140625,311.1000061035156,303.989990234375,309.54998779296875,2484700
482,2026-04-10 00:00:00-04:00,307.29998779296875,308.70001220703125,304.17999267578125,305.67999267578125,2708600
483,2026-04-13 00:00:00-04:00,304.2200012207031,304.8999938964844,302.1000061035156,304.510009765625,2872100
484,2026-04-14 00:00:00-04:00,303.0199890136719,303.5799865722656,301.5299987792969,303.2200012207031,3150100
485,2026-04-15 00:00:00-04:00,303.2699890136719,306.94000244140625,303.0,306.260009765625,2976500
486,2026-04-16 00:00:00-04:00,306.5799865722656,308.2699890136719,304.57000732421875,306.9599914550781,2334400
487,2026-04-17 00:00:00-04:00,307.30999755859375,312.5400085449219,307.20001220703125,311.3599853515625,3225500
488,2026-04-20 00:00:00-04:00,312.1499938964844,312.5299987792969,305.95001220703125,306.94000244140625,2395200
489,2026-04-21 00:00:00-04:00,305.54998779296875,306.1499938964844,300.9700012207031,301.8399963378906,2708100
490,2026-04-22 00:00:00-04:00,302.04998779296875,302.9100036621094,299.8299865722656,300.07000732421875,2845600
491,2026-04-23 00:00:00-04:00,302.5,304.8900146484375,301.9200134277344,302.5299987792969,3064300
492,2026-04-24 00:00:00-04:00,302.2900085449219,302.5899963378906,299.2200012207031,299.3599853515625,3847800
493,2026-04-27 00:00:00-04:00,297.7900085449219,298.5299987792969,290.19000244140625,290.2099914550781,4985000
494,2026-04-28 00:00:00-04:00,292.20001220703125,294.6499938964844,291.0299987792969,292.3900146484375,4087100
495,2026-04-29 00:00:00-04:00,291.29998779296875,292.510009765625,289.29998779296875,290.0799865722656,3493000
496,2026-04-30 00:00:00-04:00,290.54998779296875,294.5199890136719,290.2300109863281,293.5899963378906,4137700
497,2026-05-01 00:00:00-04:00,294.70001220703125,295.5799865722656,286.3599853515625,286.6400146484375,3761800
498,2026-05-04 00:00:00-04:00,286.32000732421875,289.75,283.69000244140625,284.1000061035156,3750500
499,2026-05-05 00:00:00-04:00,284.3999938964844,286.55999755859375,283.0199890136719,285.1700134277344,4007100
500,2026-05-06 00:00:00-04:00,287.1700134277344,288.5,282.3999938964844,284.1000061035156,4784000
501,2026-05-07 00:00:00-04:00,287.8299865722656,291.3999938964844,282.1499938964844,283.3500061035156,4825440
