Price,Open,High,Low,Close,Volume
Ticker,DAL,DAL,DAL,DAL,DAL
Date,,,,,
2025-04-22,39.632870639298794,40.057649974383644,39.109306989795165,39.85020065307617,8513000
2025-04-23,42.47790286011985,43.33733844423634,40.630609069954055,40.89733123779297,11848800
2025-04-24,40.304615511114434,41.84567572491445,40.107043109081594,41.509803771972656,8777700
2025-04-25,41.094903385772135,41.48017128458464,40.51206684352386,41.07514953613281,7197200
2025-04-28,41.272720018836104,42.280335972459,41.065270672955634,41.45053482055664,8372900
2025-04-29,41.12453957651617,41.93458303165213,40.90720955788648,41.56907653808594,6327800
2025-04-30,40.31449498924305,41.33198774174432,39.45505563155012,41.12453842163086,10589000
2025-05-01,41.687618154431384,41.914825095642215,40.936843787632036,40.996116638183594,8142800
2025-05-02,42.47789956903415,44.17701675767702,42.418626724646714,43.663330078125,13943400
2025-05-05,43.2187990903401,45.51062996348886,43.04098430118371,44.957427978515625,18733400
2025-05-06,43.70284750048014,44.77961306640992,43.564544189970164,44.265926361083984,8826600
2025-05-07,44.58204302136438,45.234029303106546,44.23629037947711,44.749977111816406,8676000
2025-05-08,45.886017684047225,48.16796789034967,45.32293876807283,47.95064163208008,17708300
2025-05-09,48.237119207669245,48.77055978820943,47.14059596879314,47.75306701660156,13494800
2025-05-12,51.3883859759291,52.909688566355975,49.748541452127945,50.51906967163086,18926000
2025-05-13,50.70731795115908,52.906815940196225,50.54879581191551,52.50060272216797,14097900
2025-05-14,52.034943073190554,52.65912565943765,50.07323015302281,50.11286163330078,13883300
2025-05-15,50.05341314795042,50.202025526038156,49.102280322111746,49.81562805175781,8102700
2025-05-16,49.657104002951066,50.79648442176812,49.577844826914585,50.44971466064453,8326000
2025-05-19,50.45962326583683,51.16306497223593,49.68682836469223,50.717220306396484,8092200
2025-05-20,50.50916256539326,50.895560030066385,49.359876151213754,49.51839828491211,9055300
2025-05-21,48.82486619724295,49.092373026586536,47.635951995003985,47.824195861816406,8021500
2025-05-22,47.9034544544945,48.488005567826306,47.477425484805245,48.05207061767578,9957800
2025-05-23,46.64518621718969,47.74493144276499,46.447032596372765,47.47742462158203,7811900
2025-05-27,48.309663800450515,49.66701356196278,48.08178847349859,48.943756103515625,11316100
2025-05-28,48.81496001538889,49.06265110307842,47.97280804956485,48.151145935058594,7390500
2025-05-29,48.71588091309586,48.92394429744286,47.75484207077924,48.05207061767578,9060900
2025-05-30,47.794472336858604,48.2601289960243,47.398165098091354,47.943084716796875,9190700
2025-06-02,47.645857388375106,48.40874638573804,47.05140029458202,48.05207061767578,8117500
2025-06-03,48.131333420772556,48.85459093497725,47.63595125108721,48.379024505615234,9400100
2025-06-04,48.27003661882325,49.260800892415084,48.16105194401362,48.52763366699219,8231200
2025-06-05,48.24031510930074,49.12209856045846,48.03225550171495,48.38893127441406,7398200
2025-06-06,49.34006212259572,50.57851751613209,49.330156142412434,50.47944259643555,7449500
2025-06-09,50.82620580414926,51.46029432610974,50.53888326155288,50.72713088989258,6378900
2025-06-10,50.727131358046954,51.59900497352188,50.330824138431325,51.20269775390625,5877900
2025-06-11,51.390941828351366,51.5197422422073,48.16105195843946,48.715877532958984,10205400
2025-06-12,48.042160890829,48.48800178667359,47.43779408423787,48.428558349609375,7655000
2025-06-13,45.77331427291266,47.75484299659315,45.43645423870833,46.60555648803711,12952600
2025-06-16,47.28917877492036,49.14190692591387,46.96222852684658,49.00320053100586,10242300
2025-06-17,48.0520672321856,48.488002151622496,46.61545828069102,46.882965087890625,9221600
2025-06-18,46.66499976472545,48.01243989674482,46.62537206278718,47.12075424194336,7391800
2025-06-20,47.37834904745103,47.74493078425346,46.68481327389022,46.764076232910156,10796100
2025-06-23,46.367765787480415,47.992618540268744,44.86180368552728,47.80437469482422,16437900
2025-06-24,49.042836255048066,49.82554101346312,48.63662301502328,49.1022834777832,11886500
2025-06-25,49.19145112197427,49.260804323599125,47.67557910775635,47.863826751708984,7885300
2025-06-26,48.09169796511998,48.795139680858554,47.74492820732278,48.51772689819336,8286300
2025-06-27,48.78523398910484,49.518397427464784,48.25022037983738,49.13199996948242,10177200
2025-06-30,49.35987665775564,49.538214532429656,48.170958753084165,48.72578811645508,12531200
2025-07-01,48.6465297606346,48.963574061274755,48.11151986547071,48.547454833984375,10037600
2025-07-02,48.725788241263366,49.68683081508322,47.794471166275876,49.667015075683594,9833400
2025-07-03,50.03359828703144,50.915377929355664,49.88498212686774,50.39027404785156,6123400
2025-07-07,50.19211993243953,51.22251572476526,48.73569518327655,49.53821563720703,12227000
2025-07-08,50.31101044872964,51.35131599772707,49.95433469244091,50.05341339111328,10734500
2025-07-09,50.7964858338029,51.04417690743401,49.36978661029544,50.23175048828125,12870400
2025-07-10,55.68095105222753,57.28598806301739,54.29387960423365,56.255592346191406,46966400
2025-07-11,55.71067755518274,56.275412918217064,54.1551778669,56.126800537109375,17788900
2025-07-14,56.255596320122834,57.761558525066256,55.64132350608864,57.57331466674805,13722100
2025-07-15,57.4544256066924,57.64266947024929,54.97751476242066,55.19548034667969,13709600
2025-07-16,55.978180598172806,56.01781207557956,54.38304953747496,55.0468635559082,9066800
2025-07-17,55.69085977096254,56.84014619488656,55.11621844873345,55.81966018676758,13199000
2025-07-18,55.839475725691734,56.057445077892524,54.55148291066101,55.77012252807617,8978400
2025-07-21,55.85929425966227,56.08716960315233,55.33418659213075,55.52243423461914,6074500
2025-07-22,55.47289752535802,55.65123163094672,54.43259193605,55.15584945678711,7547700
2025-07-23,55.82956773134102,56.37449112907029,55.43326427236129,55.46298599243164,6782300
2025-07-24,54.93788299783914,56.07725971263452,53.92730292506454,54.204715728759766,10696500
2025-07-25,54.293881487755165,54.492035098552144,53.73905591288254,54.353328704833984,6819900
2025-07-28,54.48212843040928,55.175660390237525,54.14526843015026,55.09640121459961,6545600
2025-07-29,55.453079245256156,55.453079245256156,53.71924171510255,53.99665451049805,5916300
2025-07-30,53.699426060346596,53.97683885618037,52.768105195248836,53.10496520996094,7354800
2025-07-31,53.14275109152433,53.42114033795484,52.51637149428668,52.90412902832031,6538100
2025-08-01,51.63148347333564,51.63148347333564,50.15999162938309,50.8559684753418,9535100
2025-08-04,51.1641858230872,52.28769117982904,50.935508412912995,52.21809387207031,7476400
2025-08-05,52.486540034578226,52.65556097690461,51.22384011576198,52.566078186035156,5846500
2025-08-06,52.69533438972913,54.027631675067,52.64562256866995,53.808895111083984,8476700
2025-08-07,54.13699847378984,54.14693932062178,52.79475658535416,53.321712493896484,4976500
2025-08-08,53.81883853297032,53.98785947930016,52.576024070772945,53.3316535949707,6638000
2025-08-11,52.943896213424544,54.09722788533018,52.81464244707849,53.19245910644531,4821600
2025-08-12,54.405447818203925,58.233314894433285,54.36567684463202,58.104061126708984,15727800
2025-08-13,57.88532751347576,59.17785379356383,57.179406017559444,59.078426361083984,9103700
2025-08-14,58.5117063913371,58.72050211429644,57.86544511320936,58.62107467651367,4300300
2025-08-15,59.108255271804644,60.14227779172061,58.72049777502832,59.893714904785156,9825500
2025-08-18,59.62526608849189,60.96750415085731,59.24744944118357,60.738826751708984,6504200
2025-08-19,60.79848673550243,61.38509533003989,60.01302706280892,60.1522216796875,5734000
2025-08-20,59.50595654912969,59.96331516614478,57.98475281976906,58.71055603027344,6517000
2025-08-21,58.640957325389294,58.710554632083706,57.258948245644895,57.507511138916016,5175100
2025-08-22,57.91515277371288,61.59388426639087,57.77595816358901,61.33537673950195,10312400
2025-08-25,60.7487725796266,60.768658067196434,59.645156465268144,60.062740325927734,6191900
2025-08-26,60.07267782114025,61.47457617081713,59.86388590246151,60.798484802246094,5618800
2025-08-27,60.738831219089356,61.713197345165646,60.50020916303629,60.90785217285156,4693100
2025-08-28,61.33537651923335,62.100950664934,60.51014970813308,61.61376953125,5825000
2025-08-29,61.55411567640583,62.170550599141144,60.917795266773396,61.424861907958984,4856300
2025-09-02,60.19199021463483,60.98739070225711,59.62526713015591,60.77859878540039,6925300
2025-09-03,61.07687719578871,63.54262075324102,60.768657828818824,60.91779708862305,7237400
2025-09-04,60.98739450428291,62.31969182639547,60.0229692194851,60.201934814453125,7023800
2025-09-05,60.51015171823678,62.03135542075899,60.09256408272417,60.828311920166016,6398500
2025-09-08,60.649346359388346,61.504403324740764,60.1522205695573,61.40497589111328,7579200
2025-09-09,61.24589786566336,61.434808099573225,59.67498228879965,60.3311882019043,6424300
2025-09-10,60.211878698551175,61.57400233846528,59.953371156723776,61.037105560302734,5199500
2025-09-11,61.454694914361134,61.64360135958238,58.02452601563703,60.092567443847656,18816800
2025-09-12,60.4703805144937,60.56980415492962,59.49601442570032,59.525840759277344,6771000
2025-09-15,59.53578528984054,59.53578528984054,57.81573052262465,58.08417510986328,9773300
2025-09-16,58.14383207478075,58.30291217622981,56.72205200874338,57.52739715576172,10140900
2025-09-17,58.094122661685276,59.79429202752258,57.825674268221135,58.48188018798828,8361000
2025-09-18,59.09831318374412,59.505956184206106,58.63101751521426,59.128143310546875,5574400
2025-09-19,59.45624436256256,59.58549813132286,58.143832566320626,59.416473388671875,15278900
2025-09-22,59.10825778066722,59.2772787304285,57.398143832279175,58.551475524902344,7157800
2025-09-23,58.66084010347407,59.39658790240362,58.36256540387453,58.41227722167969,4527500
2025-09-24,58.68072868620601,58.750325993360164,57.23906313715654,57.378257751464844,5372600
2025-09-25,56.920904079863654,57.2291234411514,56.02607612307266,56.41383743286133,6781400
2025-09-26,57.050154698905544,57.59699228995641,56.513257954483834,56.87118911743164,6634400
2025-09-29,57.6964166307613,58.00463597878389,56.34423390659195,57.32854461669922,7822100
2025-09-30,57.3086618547613,57.81573229681419,55.399700595375705,56.42377853393555,8263400
2025-10-01,57.23906290252864,57.48762579642281,55.66814738535722,55.78745651245117,7005400
2025-10-02,56.31440753367259,57.23906178431654,55.479236074793185,56.75188064575195,7619700
2025-10-03,57.34843482849802,57.65665420191799,56.92090632039927,56.93084716796875,6390300
2025-10-06,57.348430668072126,58.19354298262124,56.354179101417294,57.92509460449219,7821500
2025-10-07,57.98475392748723,58.123948546850094,55.94653887374056,56.30447006225586,10623500
2025-10-08,56.66239889087445,57.27883380499456,55.97636287720276,56.791648864746094,12402700
2025-10-09,61.54417374572704,61.91204576492448,58.56141903351608,59.22756576538086,29289500
2025-10-10,59.585499104625676,60.61952168606078,57.11975557465889,57.14958190917969,14375100
2025-10-13,57.8952689760465,59.59543826546113,57.139639445007376,58.38245391845703,9448600
2025-10-14,57.467742760554536,61.44474923246514,57.34843362837252,60.91779708862305,10945000
2025-10-15,61.305550682839275,61.71319366836767,60.69905662790878,61.34532165527344,8882200
2025-10-16,61.4630023691653,61.851944978194986,59.00966533526318,60.23633575439453,12415900
2025-10-17,60.17649753343973,60.67514268906838,59.249017239621594,59.4783935546875,6230900
2025-10-20,59.917202961396406,62.06137482060599,59.04955766254118,61.58267593383789,6512100
2025-10-21,61.29346041668398,62.7395321005647,61.014220352394936,62.15113067626953,7041200
2025-10-22,61.83199818929036,62.38050708977486,59.81747134014828,59.83741760253906,7235700
2025-10-23,60.33606388933081,60.54549394185053,58.10213191603856,58.61075210571289,7687600
2025-10-24,59.70777186134397,61.65248879403509,59.21910172296994,60.784847259521484,8857500
2025-10-27,61.20370675863149,61.53281439508591,60.016932630231906,60.28620147705078,5658100
2025-10-28,60.176496005322946,60.25627724993005,57.58354278364346,57.703216552734375,8516600
2025-10-29,57.74311020536788,59.33877317229027,57.48381259551761,58.60077667236328,8625000
2025-10-30,58.05226799439862,58.560888182610654,56.835576403953034,56.9652214050293,7191600
2025-10-31,57.144732773088506,57.41400160752048,56.59622387525768,57.224517822265625,7677500
2025-11-03,57.1347636884351,58.670591703490715,56.705928543914894,58.34148406982422,7598000
2025-11-04,57.24446456250411,57.30429954552599,54.88088381976519,55.49920654296875,11622700
2025-11-05,56.14744244060633,58.840126978458756,55.87817360638503,58.38137435913086,8311000
2025-11-06,57.743110925556785,58.71047994691102,57.00511441642529,57.65335464477539,6605400
2025-11-07,56.70592826459802,60.006956792540755,56.07763429710449,58.720455169677734,8748700
2025-11-10,59.737690566990544,60.4457657678359,57.87275496450183,58.40132141113281,7918200
2025-11-11,58.29162091045399,58.72045605935923,57.19459925804218,57.58354568481445,5693800
2025-11-12,58.09215944097529,60.49562888970645,57.95253940895647,60.31611633300781,9805400
2025-11-13,60.20641421452956,61.25356826637466,59.2988801956824,59.74766159057617,8536100
2025-11-14,58.122079249663024,59.22907212532084,57.86278543762711,58.25172805786133,5320800
2025-11-17,57.99243281939333,58.1619703453312,55.26982693599999,55.60890579223633,8424500
2025-11-18,55.26982750610385,57.274383172412215,55.12023624126752,56.975196838378906,6441800
2025-11-19,57.633409509792685,58.05226962539591,56.21725525245642,56.71590042114258,5538400
2025-11-20,57.563598357565255,58.082189779315286,55.539096425580176,55.81834030151367,6229000
2025-11-21,56.70592751631012,59.34874454964826,56.446629905812266,58.411293029785156,9568000
2025-11-24,58.90993703577277,60.575413795790766,58.04229555002189,60.50559997558594,9994900
2025-11-25,60.346034786975316,62.6497767651167,60.346034786975316,61.98159408569336,7753400
2025-11-26,62.22094494600747,64.63438579089339,61.93172982858735,64.0958480834961,8122000
2025-11-28,64.39503534373014,64.79395299152723,63.926307678222656,63.926307678222656,3476200
2025-12-01,63.21823065269512,64.79395113146211,62.82928804965683,63.976173400878906,7252600
2025-12-02,64.22550061228395,65.55189861524697,63.647070378232485,64.96349334716797,7337600
2025-12-03,64.94354809820335,67.43677388747945,64.94354809820335,67.30712127685547,10140600
2025-12-04,67.41682542386201,67.87557806695418,66.68880773696063,67.05780029296875,9455900
2025-12-05,66.56912467533856,67.56641493264699,66.12034710303809,66.91817474365234,7895600
2025-12-08,67.4966096934298,67.56641971203065,65.87102919816935,67.03785705566406,9235500
2025-12-09,66.52923294457706,68.09497836285556,66.1203478907443,67.22734069824219,7340400
2025-12-10,67.50658095411212,69.76045149080817,67.07774583275474,69.74050903320312,11823200
2025-12-11,69.2418695709495,70.52837504044021,69.0025220164717,70.36880493164062,9134700
2025-12-12,70.75774469927728,71.39600989121905,69.43135436495156,69.62083435058594,7937900
2025-12-15,70.56826122285109,71.44587391617793,69.94993851992845,71.07687377929688,7993300
2025-12-16,71.28631778399478,72.14398048759566,69.9100522272012,70.94723510742188,10443600
2025-12-17,70.74777755806267,71.75503530045579,69.3216520996924,69.53108215332031,7222300
2025-12-18,70.6280978273903,70.79763535010261,69.81032009632504,69.95991516113281,5988000
2025-12-19,70.04966915065219,71.05693449285246,69.83026406534904,70.86744689941406,16154200
2025-12-22,71.30625831652735,71.92458105785231,70.97715068281948,71.86473846435547,5141600
2025-12-23,71.5954730167336,71.70517556067863,70.14939748687696,70.30896759033203,6050300
2025-12-24,70.31894546466168,70.99710321429873,70.08956533385906,70.7677230834961,1821800
2025-12-26,70.63807756029993,71.01704515546764,70.219217437948,70.65802001953125,2892400
2025-12-29,69.92002106091789,70.3787736695947,68.60359821597375,69.34159088134766,5262500
2025-12-30,69.30170230873479,69.66072743316286,68.91275969205792,69.15210723876953,3807600
2025-12-31,69.22192724347201,69.51113475095899,68.72328206560654,69.21195220947266,3233400
2026-01-02,69.66072399768657,69.81031906027421,68.31438365183976,68.87286376953125,5115400
2026-01-05,69.2318908554564,72.6525968915499,69.14213838057054,71.6253890991211,9263200
2026-01-06,71.78495970753232,72.96176257515486,70.93725685887514,72.02430725097656,7717900
2026-01-07,72.54289142571737,72.8719990378089,71.33617112343596,71.45584869384766,6399700
2026-01-08,71.25638713352448,72.13400744545399,71.04695708873793,71.0968246459961,4981800
2026-01-09,71.69519934665067,72.7523246341115,70.96718168560652,72.11405944824219,7971400
2026-01-12,70.60815952481136,71.18658214273621,69.4213815785406,70.83753204345703,10736400
2026-01-13,67.91546525126962,71.17660866557115,67.91546525126962,69.14213562011719,18342700
2026-01-14,69.20197566409621,70.56826616074748,67.3669651018144,68.30441284179688,9529700
2026-01-15,68.96262966221245,71.18658289595227,68.8728695736072,71.14669036865234,8223800
2026-01-16,71.17661398048867,71.475796515892,69.88013350090995,70.2391586303711,7580100
2026-01-20,68.59362938486869,69.27178713047286,66.66885869578051,67.27720642089844,7740400
2026-01-21,68.26451557323098,69.75048354586959,67.97530809215083,68.7631607055664,9791200
2026-01-22,69.59091345133622,71.13671640506439,68.19470555905286,68.7631607055664,6874500
2026-01-23,68.08500594922441,68.2944436094865,67.29715330192737,67.77584838867188,6400300
2026-01-26,67.53649797122925,67.93541559902089,66.8184477629485,67.31709289550781,6981900
2026-01-27,67.9453827725317,68.11492789960377,65.3723796806533,65.96077728271484,8097200
2026-01-28,66.82842952255214,67.02788455216334,65.50203151034484,65.65162658691406,6165800
2026-01-29,65.63167019011885,66.38961292525501,64.29530488139655,66.35969543457031,9613500
2026-01-30,66.02061385252324,66.7586141420267,64.99340607591722,65.71145629882812,6680600
2026-02-02,66.5691264487069,69.31167472936524,65.90094378460319,68.89281463623047,10090600
2026-02-03,69.66072502317563,71.28631306051973,69.34159243569377,70.24913024902344,10014800
2026-02-04,70.39871899488423,71.74506699393862,68.2146584003335,70.6679916381836,9912000
2026-02-05,70.21921728551445,70.80761494058082,69.02246429875058,69.5909194946289,5655000
2026-02-06,70.289021853296,75.45498577651938,70.06961677563957,75.14582061767578,13466800
2026-02-09,74.99623084323015,75.5148260831181,74.29813064575195,74.7967758178711,7613200
2026-02-10,74.42776963542298,75.27547244648353,74.23828965926384,74.25823211669922,6635000
2026-02-11,74.88652449891306,76.18300492416245,70.67796585098405,71.22647094726562,9527800
2026-02-12,71.80490178169964,72.41324947493673,67.54647553776115,69.31167602539062,9989100
2026-02-13,69.60089434610606,70.34886210760189,68.15481877531451,68.81303405761719,7381300
2026-02-17,69.31167956413059,71.20653275741228,69.26181200296992,70.65802001953125,6936100
2026-02-18,68.99254207182344,71.52566030330571,67.8157392337131,70.91731262207031,7742200
2026-02-19,69.76045646687263,69.80034899364922,67.05780054971079,67.25726318359375,8628200
2026-02-20,67.12760554245297,69.73053375211047,66.66885293195867,69.25183868408203,7665200
2026-02-23,68.4141168741891,69.53108481162984,66.1203536214826,66.69877624511719,8154600
2026-02-24,66.81845105555747,69.87015698240856,66.62896346105688,69.04241180419922,9027600
2026-02-25,69.81032409532895,69.91005160800655,68.42409112556228,69.19200134277344,4899500
2026-02-26,70.18000030517578,71.55999755859375,69.61000061035156,70.51000213623047,7271100
2026-02-27,67.75,67.75,65.36000061035156,65.69999694824219,12371500
2026-03-02,62.93000030517578,64.80000305175781,61.599998474121094,64.25,11728000
2026-03-03,62.4900016784668,65.6500015258789,61.150001525878906,64.5999984741211,11508500
2026-03-04,64.87000274658203,65.9000015258789,63.720001220703125,63.83000183105469,9415200
2026-03-05,62.0,62.40999984741211,59.16999816894531,61.310001373291016,20671100
2026-03-06,59.31999969482422,59.970001220703125,58.470001220703125,59.0099983215332,23029000
2026-03-09,57.560001373291016,60.63999938964844,55.279998779296875,60.58000183105469,28401600
2026-03-10,60.04999923706055,61.54999923706055,58.470001220703125,59.27000045776367,24287100
2026-03-11,59.529998779296875,59.709999084472656,57.63999938964844,59.13999938964844,13719700
2026-03-12,57.369998931884766,58.470001220703125,57.25,57.939998626708984,15013600
2026-03-13,58.59000015258789,59.04999923706055,57.70000076293945,58.779998779296875,12554000
2026-03-16,59.369998931884766,61.11000061035156,59.13999938964844,60.84000015258789,14465500
2026-03-17,63.459999084472656,65.31999969482422,62.849998474121094,64.83000183105469,24657100
2026-03-18,64.25,65.02999877929688,63.630001068115234,63.810001373291016,11810200
2026-03-19,62.779998779296875,65.72000122070312,62.779998779296875,65.01000213623047,12368100
2026-03-20,64.75,64.91000366210938,62.68000030517578,63.439998626708984,17890100
2026-03-23,66.5199966430664,66.7300033569336,65.01000213623047,65.12999725341797,18189300
2026-03-24,64.0,66.97000122070312,63.540000915527344,66.6500015258789,14678300
2026-03-25,67.01000213623047,68.5999984741211,67.01000213623047,67.98999786376953,13239800
2026-03-26,67.37999725341797,68.02999877929688,66.5199966430664,66.86000061035156,11104600
2026-03-27,66.02999877929688,66.66000366210938,64.47000122070312,64.83000183105469,11844400
2026-03-30,64.45999908447266,65.05999755859375,62.95000076293945,63.189998626708984,14631800
2026-03-31,63.95000076293945,67.38999938964844,63.869998931884766,66.4800033569336,17749200
2026-04-01,67.01000213623047,68.31999969482422,66.9000015258789,67.5999984741211,12564300
2026-04-02,64.9000015258789,67.38999938964844,64.16999816894531,66.76000213623047,11240500
2026-04-06,66.55999755859375,67.81999969482422,65.94000244140625,66.77999877929688,8207800
2026-04-07,65.95999908447266,66.58999633789062,65.05000305175781,65.62000274658203,16273700
2026-04-08,73.0,74.19000244140625,68.08000183105469,68.08000183105469,20679500
2026-04-09,67.63999938964844,69.13999938964844,66.20999908447266,67.83000183105469,11636400
2026-04-10,68.1500015258789,68.62999725341797,67.37999725341797,67.81999969482422,8040800
2026-04-13,66.9000015258789,67.16000366210938,65.76000213623047,67.05000305175781,8593800
2026-04-14,68.5999984741211,72.18000030517578,68.08000183105469,71.69999694824219,16227100
2026-04-15,71.55999755859375,73.4000015258789,70.87000274658203,71.98999786376953,12333500
2026-04-16,71.87000274658203,72.93000030517578,69.66999816894531,69.88999938964844,8826100
2026-04-17,74.41999816894531,75.0199966430664,71.31999969482422,71.72000122070312,12765600
2026-04-20,71.05000305175781,72.25,70.58999633789062,71.20999908447266,7616700
2026-04-21,70.5,71.77999877929688,69.59239959716797,70.22000122070312,9872681
